src_beam,dst_beam
0,121
0,122
0,1149
0,1585
0,1586
0,1589
0,1590
1,430
1,574
1,576
2,539
2,543
2,544
2,567
3,435
3,436
3,446
4,439
4,455
5,455
5,456
5,462
6,530
6,546
6,547
6,556
7,533
7,545
7,546
7,560
8,536
8,544
8,545
8,564
9,517
9,518
9,539
10,494
10,515
10,516
11,475
11,490
11,494
12,518
12,519
12,536
13,504
13,511
13,512
14,520
14,521
14,530
15,521
15,522
15,524
15,527
16,507
16,510
16,511
16,524
17,465
17,486
17,507
18,519
18,520
18,533
19,478
19,489
19,490
19,497
20,497
20,514
20,515
21,485
21,486
21,487
21,504
22,527
22,547
22,548
22,552
23,24
23,35
23,36
23,44
23,1233
23,1580
24,44
24,48
24,1111
24,1233
25,26
25,28
25,29
25,1257
25,1559
26,27
26,28
26,1155
26,1257
27,31
27,32
27,123
27,124
27,1155
27,1167
28,30
28,31
28,32
28,38
28,40
28,121
28,124
28,1245
28,1257
29,30
29,38
29,40
29,50
29,111
29,1341
29,1559
30,121
30,124
30,1245
31,38
32,40
33,49
33,51
33,52
33,53
33,65
33,1123
33,1317
34,43
34,44
34,51
34,52
34,53
34,54
34,55
34,57
34,83
34,130
34,1450
34,1491
35,46
35,47
35,126
35,129
35,1075
35,1580
36,37
36,39
36,41
36,46
36,47
36,126
36,128
36,1275
37,44
37,45
37,46
39,44
39,47
39,1054
41,42
41,44
41,126
41,128
41,1275
42,44
42,48
43,44
43,48
43,49
43,130
43,1329
43,1491
44,45
44,130
44,1054
44,1233
44,1491
45,48
48,49
48,1054
48,1111
48,1329
49,1123
49,1329
50,89
50,111
50,1135
50,1341
53,65
53,83
53,1317
53,1450
54,58
55,58
56,58
56,127
56,129
56,1087
57,127
57,128
57,1287
58,59
58,63
58,1197
59,60
59,63
59,67
59,68
59,1062
59,1197
59,1209
60,69
60,70
60,75
60,1062
60,1209
60,1221
61,69
61,70
61,71
61,72
61,73
61,78
61,83
61,1062
61,1416
61,1571
62,65
62,71
62,72
62,73
62,74
62,81
62,1427
62,1525
63,83
63,1197
64,65
64,83
65,66
65,73
65,1317
65,1525
66,83
67,83
68,83
69,72
70,71
70,75
70,76
70,77
70,78
70,125
70,1221
70,1416
71,74
71,78
71,79
71,80
71,81
71,1416
71,1427
73,83
73,1062
73,1525
73,1571
74,81
74,82
74,98
74,99
74,112
74,119
74,1427
74,1514
75,105
75,1099
75,1221
76,105
77,105
78,105
78,106
78,1373
78,1416
79,106
80,106
81,106
81,107
81,1378
81,1427
82,107
83,1062
83,1450
83,1571
84,89
84,110
85,89
85,110
86,89
86,90
86,91
86,93
86,110
86,1305
86,1439
87,90
87,91
87,94
88,90
88,91
88,95
89,90
89,1135
89,1305
90,117
90,119
90,1305
90,1502
91,93
91,94
91,95
91,96
91,110
91,117
91,118
91,1439
91,1537
92,110
92,116
93,110
93,115
93,116
93,1408
93,1439
94,115
95,115
96,114
96,115
96,117
96,118
96,1403
96,1537
97,114
97,118
97,131
98,107
99,107
99,108
99,112
99,119
99,1383
99,1514
100,108
100,112
101,108
101,109
101,112
101,113
101,118
101,1388
101,1548
102,109
102,113
103,109
103,113
104,109
104,113
104,114
104,1393
104,1398
105,106
105,125
105,1099
105,1373
106,107
106,1373
106,1378
107,108
107,1378
107,1383
108,109
108,1383
108,1388
108,1610
109,1388
109,1393
110,111
110,120
110,122
110,1439
111,120
111,1341
112,113
112,118
112,119
112,1514
112,1548
112,1610
113,114
113,118
113,1398
113,1548
114,115
114,1398
114,1403
115,116
115,1403
115,1408
116,122
116,123
116,1179
116,1408
117,118
117,119
117,1502
117,1537
118,131
118,1537
118,1548
119,131
119,1502
119,1514
120,121
121,122
121,124
121,1245
122,123
122,1179
123,124
123,1167
123,1179
124,1167
124,1245
126,128
126,129
126,1075
126,1275
127,128
127,129
127,1087
127,1287
128,130
128,1275
128,1287
129,1075
129,1087
130,1491
132,133
132,144
132,145
132,153
132,1232
132,1233
132,1580
132,1581
133,153
133,157
133,1110
133,1111
133,1232
133,1233
134,135
134,137
134,138
134,1256
134,1257
134,1558
134,1559
135,136
135,137
135,1154
135,1155
135,1256
135,1257
136,140
136,141
136,1154
136,1155
136,1166
136,1167
136,1583
136,1584
137,139
137,140
137,141
137,147
137,149
137,1244
137,1245
137,1256
137,1257
137,1583
137,1586
138,139
138,147
138,149
138,159
138,222
138,1340
138,1341
138,1558
138,1559
139,1244
139,1245
139,1583
139,1586
140,147
141,149
142,158
142,160
142,161
142,162
142,174
142,1122
142,1123
142,1316
142,1317
143,152
143,153
143,160
143,161
143,162
143,163
143,164
143,166
143,194
143,1449
143,1450
143,1490
143,1491
144,155
144,156
144,1074
144,1075
144,1580
144,1581
144,1595
144,1598
145,146
145,148
145,150
145,155
145,156
145,1274
145,1275
145,1595
145,1596
146,153
146,154
146,155
148,153
148,156
148,1055
150,151
150,153
150,1274
150,1275
150,1595
150,1596
151,153
151,157
152,153
152,157
152,158
152,1328
152,1329
152,1490
152,1491
153,154
153,1055
153,1232
153,1233
153,1490
153,1491
154,157
157,158
157,1055
157,1110
157,1111
157,1328
157,1329
158,1122
158,1123
158,1328
158,1329
159,200
159,222
159,1134
159,1135
159,1340
159,1341
162,174
162,194
162,1316
162,1317
162,1449
162,1450
163,167
164,167
165,167
165,1086
165,1087
165,1597
165,1598
166,1286
166,1287
166,1596
166,1597
167,168
167,172
167,1196
167,1197
168,169
168,172
168,176
168,177
168,178
168,1196
168,1197
168,1208
168,1209
169,178
169,179
169,180
169,185
169,1208
169,1209
169,1220
169,1221
170,178
170,179
170,180
170,181
170,182
170,183
170,189
170,194
170,1415
170,1416
170,1570
170,1571
171,174
171,181
171,182
171,183
171,184
171,192
171,1426
171,1427
171,1524
171,1525
172,194
172,1196
172,1197
173,174
173,194
174,175
174,183
174,1316
174,1317
174,1524
174,1525
175,194
176,194
177,194
178,183
178,194
178,1208
178,1209
178,1570
178,1571
179,182
180,181
180,185
180,186
180,187
180,188
180,189
180,1220
180,1221
180,1415
180,1416
181,184
181,189
181,190
181,191
181,192
181,1415
181,1416
181,1426
181,1427
183,194
183,1524
183,1525
183,1570
183,1571
184,192
184,193
184,209
184,210
184,223
184,230
184,1426
184,1427
184,1513
184,1514
185,216
185,1098
185,1099
185,1220
185,1221
186,216
187,216
188,216
189,216
189,217
189,1372
189,1373
189,1415
189,1416
190,217
191,217
192,217
192,218
192,1377
192,1378
192,1426
192,1427
193,218
194,1449
194,1450
194,1570
194,1571
195,200
195,221
196,200
196,221
197,200
197,201
197,202
197,204
197,221
197,1304
197,1305
197,1438
197,1439
198,201
198,202
198,205
199,201
199,202
199,206
200,201
200,1134
200,1135
200,1304
200,1305
201,228
201,230
201,1304
201,1305
201,1501
201,1502
202,204
202,205
202,206
202,207
202,221
202,228
202,229
202,1438
202,1439
202,1536
202,1537
203,221
203,227
204,221
204,226
204,227
204,1407
204,1408
204,1438
204,1439
205,226
206,226
207,225
207,226
207,228
207,229
207,1402
207,1403
207,1536
207,1537
208,225
208,229
209,218
210,218
210,219
210,223
210,230
210,1382
210,1383
210,1513
210,1514
211,219
211,223
212,219
212,220
212,223
212,224
212,229
212,1387
212,1388
212,1547
212,1548
213,220
213,224
214,220
214,224
215,220
215,224
215,225
215,1392
215,1393
215,1397
215,1398
216,217
216,1098
216,1099
216,1372
216,1373
217,218
217,1372
217,1373
217,1377
217,1378
218,219
218,1377
218,1378
218,1382
218,1383
219,220
219,1382
219,1383
219,1387
219,1388
219,1611
220,1387
220,1388
220,1392
220,1393
221,222
221,1438
221,1439
222,1340
222,1341
223,224
223,229
223,230
223,1513
223,1514
223,1547
223,1548
223,1611
224,225
224,229
224,1397
224,1398
224,1547
224,1548
225,226
225,1397
225,1398
225,1402
225,1403
226,227
226,1402
226,1403
226,1407
226,1408
227,1178
227,1179
227,1407
227,1408
227,1584
227,1585
228,229
228,230
228,1501
228,1502
228,1536
228,1537
229,1536
229,1537
229,1547
229,1548
230,1501
230,1502
230,1513
230,1514
231,232
231,243
231,244
231,252
231,1063
231,1231
231,1232
231,1581
232,252
232,256
232,1109
232,1110
232,1231
232,1232
233,234
233,236
233,237
233,1255
233,1256
233,1557
233,1558
234,235
234,236
234,1153
234,1154
234,1255
234,1256
235,239
235,240
235,1153
235,1154
235,1165
235,1166
235,1587
235,1588
236,238
236,239
236,240
236,246
236,248
236,1243
236,1244
236,1255
236,1256
236,1587
236,1590
237,238
237,246
237,248
237,258
237,321
237,1339
237,1340
237,1557
237,1558
238,1243
238,1244
238,1587
238,1590
239,246
240,248
241,257
241,259
241,260
241,261
241,273
241,1121
241,1122
241,1315
241,1316
242,251
242,252
242,259
242,260
242,261
242,262
242,263
242,265
242,293
242,1448
242,1449
242,1489
242,1490
243,254
243,255
243,1063
243,1073
243,1074
243,1581
243,1599
243,1602
244,245
244,247
244,249
244,254
244,255
244,1273
244,1274
244,1599
244,1600
245,252
245,253
245,254
247,252
247,255
247,1056
249,250
249,252
249,1273
249,1274
249,1599
249,1600
250,252
250,256
251,252
251,256
251,257
251,1327
251,1328
251,1489
251,1490
252,253
252,1056
252,1231
252,1232
252,1489
252,1490
253,256
256,257
256,1056
256,1109
256,1110
256,1327
256,1328
257,1121
257,1122
257,1327
257,1328
258,299
258,321
258,1133
258,1134
258,1339
258,1340
261,273
261,293
261,1315
261,1316
261,1448
261,1449
262,266
263,266
264,266
264,1085
264,1086
264,1601
264,1602
265,1285
265,1286
265,1600
265,1601
266,267
266,271
266,1195
266,1196
267,268
267,271
267,275
267,276
267,277
267,1195
267,1196
267,1207
267,1208
268,277
268,278
268,279
268,284
268,1207
268,1208
268,1219
268,1220
269,277
269,278
269,279
269,280
269,281
269,282
269,288
269,293
269,1414
269,1415
269,1569
269,1570
270,273
270,280
270,281
270,282
270,283
270,291
270,1425
270,1426
270,1523
270,1524
271,293
271,1195
271,1196
272,273
272,293
273,274
273,282
273,1315
273,1316
273,1523
273,1524
274,293
275,293
276,293
277,282
277,293
277,1207
277,1208
277,1569
277,1570
278,281
279,280
279,284
279,285
279,286
279,287
279,288
279,1219
279,1220
279,1414
279,1415
280,283
280,288
280,289
280,290
280,291
280,1414
280,1415
280,1425
280,1426
282,293
282,1523
282,1524
282,1569
282,1570
283,291
283,292
283,308
283,309
283,322
283,329
283,1425
283,1426
283,1512
283,1513
284,315
284,1097
284,1098
284,1219
284,1220
285,315
286,315
287,315
288,315
288,316
288,1371
288,1372
288,1414
288,1415
289,316
290,316
291,316
291,317
291,1376
291,1377
291,1425
291,1426
292,317
293,1448
293,1449
293,1569
293,1570
294,299
294,320
295,299
295,320
296,299
296,300
296,301
296,303
296,320
296,1303
296,1304
296,1437
296,1438
297,300
297,301
297,304
298,300
298,301
298,305
299,300
299,1133
299,1134
299,1303
299,1304
300,327
300,329
300,1303
300,1304
300,1500
300,1501
301,303
301,304
301,305
301,306
301,320
301,327
301,328
301,1437
301,1438
301,1535
301,1536
302,320
302,326
303,320
303,325
303,326
303,1406
303,1407
303,1437
303,1438
304,325
305,325
306,324
306,325
306,327
306,328
306,1401
306,1402
306,1535
306,1536
307,324
307,328
308,317
309,317
309,318
309,322
309,329
309,1381
309,1382
309,1512
309,1513
310,318
310,322
311,318
311,319
311,322
311,323
311,328
311,1386
311,1387
311,1546
311,1547
312,319
312,323
313,319
313,323
314,319
314,323
314,324
314,1391
314,1392
314,1396
314,1397
315,316
315,1097
315,1098
315,1371
315,1372
316,317
316,1371
316,1372
316,1376
316,1377
317,318
317,1376
317,1377
317,1381
317,1382
318,319
318,1381
318,1382
318,1386
318,1387
318,1612
319,1386
319,1387
319,1391
319,1392
320,321
320,1437
320,1438
321,1339
321,1340
322,323
322,328
322,329
322,1512
322,1513
322,1546
322,1547
322,1612
323,324
323,328
323,1396
323,1397
323,1546
323,1547
324,325
324,1396
324,1397
324,1401
324,1402
325,326
325,1401
325,1402
325,1406
325,1407
326,1177
326,1178
326,1406
326,1407
326,1588
326,1589
327,328
327,329
327,1500
327,1501
327,1535
327,1536
328,1535
328,1536
328,1546
328,1547
329,1500
329,1501
329,1512
329,1513
330,331
330,342
330,343
330,351
330,1068
330,1069
330,1241
330,1242
331,351
331,355
331,1116
331,1117
331,1241
331,1242
332,333
332,335
332,336
332,1265
332,1266
332,1564
332,1565
333,334
333,335
333,1160
333,1161
333,1265
333,1266
334,338
334,339
334,1160
334,1161
334,1172
334,1173
334,1591
334,1592
335,337
335,338
335,339
335,345
335,347
335,1253
335,1254
335,1265
335,1266
335,1591
335,1594
336,337
336,345
336,347
336,357
336,420
336,1349
336,1350
336,1564
336,1565
337,1253
337,1254
337,1591
337,1594
338,345
339,347
340,356
340,358
340,359
340,360
340,372
340,1128
340,1129
340,1325
340,1326
341,350
341,351
341,358
341,359
341,360
341,361
341,362
341,364
341,392
341,1457
341,1458
341,1495
341,1496
342,353
342,354
342,1068
342,1069
342,1080
342,1081
342,1603
342,1606
343,344
343,346
343,348
343,353
343,354
343,1280
343,1281
343,1603
343,1604
344,351
344,352
344,353
346,351
346,354
346,1057
348,349
348,351
348,1280
348,1281
348,1603
348,1604
349,351
349,355
350,351
350,355
350,356
350,1337
350,1338
350,1495
350,1496
351,352
351,1057
351,1241
351,1242
351,1495
351,1496
352,355
355,356
355,1057
355,1116
355,1117
355,1337
355,1338
356,1128
356,1129
356,1337
356,1338
357,398
357,420
357,1140
357,1141
357,1349
357,1350
360,372
360,392
360,1325
360,1326
360,1457
360,1458
361,365
362,365
363,365
363,1092
363,1093
363,1605
363,1606
364,1292
364,1293
364,1604
364,1605
365,366
365,370
365,1205
365,1206
366,367
366,370
366,374
366,375
366,376
366,1205
366,1206
366,1217
366,1218
367,376
367,377
367,378
367,383
367,1217
367,1218
367,1229
367,1230
368,376
368,377
368,378
368,379
368,380
368,381
368,387
368,392
368,1423
368,1424
368,1576
368,1577
369,372
369,379
369,380
369,381
369,382
369,390
369,1435
369,1436
369,1533
369,1534
370,392
370,1205
370,1206
371,372
371,392
372,373
372,381
372,1325
372,1326
372,1533
372,1534
373,392
374,392
375,392
376,381
376,392
376,1217
376,1218
376,1576
376,1577
377,380
378,379
378,383
378,384
378,385
378,386
378,387
378,1229
378,1230
378,1423
378,1424
379,382
379,387
379,388
379,389
379,390
379,1423
379,1424
379,1435
379,1436
381,392
381,1533
381,1534
381,1576
381,1577
382,390
382,391
382,407
382,408
382,421
382,428
382,1435
382,1436
382,1519
382,1520
383,414
383,1104
383,1105
383,1229
383,1230
384,414
385,414
386,414
387,414
387,415
387,1369
387,1370
387,1423
387,1424
388,415
389,415
390,415
390,416
390,1374
390,1375
390,1435
390,1436
391,416
392,1457
392,1458
392,1576
392,1577
393,398
393,419
394,398
394,419
395,398
395,399
395,400
395,402
395,419
395,1313
395,1314
395,1446
395,1447
396,399
396,400
396,403
397,399
397,400
397,404
398,399
398,1140
398,1141
398,1313
398,1314
399,426
399,428
399,1313
399,1314
399,1507
399,1508
400,402
400,403
400,404
400,405
400,419
400,426
400,427
400,1446
400,1447
400,1541
400,1542
401,419
401,425
402,419
402,424
402,425
402,1404
402,1405
402,1446
402,1447
403,424
404,424
405,423
405,424
405,426
405,427
405,1399
405,1400
405,1541
405,1542
406,423
406,427
407,416
408,416
408,417
408,421
408,428
408,1379
408,1380
408,1519
408,1520
409,417
409,421
410,417
410,418
410,421
410,422
410,427
410,1384
410,1385
410,1553
410,1554
411,418
411,422
412,418
412,422
413,418
413,422
413,423
413,1389
413,1390
413,1394
413,1395
414,415
414,1104
414,1105
414,1369
414,1370
415,416
415,1369
415,1370
415,1374
415,1375
416,417
416,1374
416,1375
416,1379
416,1380
417,418
417,1379
417,1380
417,1384
417,1385
417,1613
418,1384
418,1385
418,1389
418,1390
419,420
419,1446
419,1447
420,1349
420,1350
421,422
421,427
421,428
421,1519
421,1520
421,1553
421,1554
421,1613
422,423
422,427
422,1394
422,1395
422,1553
422,1554
423,424
423,1394
423,1395
423,1399
423,1400
424,425
424,1399
424,1400
424,1404
424,1405
425,1184
425,1185
425,1404
425,1405
425,1592
425,1593
426,427
426,428
426,1507
426,1508
426,1541
426,1542
427,1541
427,1542
427,1553
427,1554
428,1507
428,1508
428,1519
428,1520
429,432
429,433
429,575
429,576
429,1049
429,1064
429,1065
429,1076
429,1077
430,432
430,574
430,576
430,1614
431,433
431,1049
432,433
432,1064
432,1065
432,1614
433,434
433,440
433,441
433,1064
433,1065
433,1234
433,1235
434,435
434,441
434,442
434,443
434,1112
434,1113
434,1234
434,1235
435,436
435,443
435,444
435,445
435,446
435,1112
435,1113
436,437
436,446
436,447
436,448
436,449
436,1560
436,1561
437,438
437,449
437,450
437,451
437,452
437,1258
437,1259
437,1560
437,1561
438,439
438,452
438,453
438,454
438,1156
438,1157
438,1258
438,1259
439,454
439,455
439,1156
439,1157
440,579
440,1049
440,1276
440,1277
441,472
441,1234
441,1235
441,1492
442,472
443,471
443,472
443,1112
443,1113
443,1330
443,1331
444,470
444,471
444,480
444,1124
444,1125
445,470
446,470
447,470
448,469
448,470
448,483
448,1136
448,1137
449,468
449,469
449,1342
449,1343
449,1560
449,1561
450,468
451,467
451,468
452,457
452,458
452,1246
452,1247
452,1258
452,1259
453,457
454,456
454,457
454,461
454,1156
454,1157
454,1168
454,1169
455,456
455,462
456,457
456,461
456,462
456,1168
456,1169
457,458
457,461
457,1168
457,1169
457,1246
457,1247
458,459
458,466
458,468
458,1145
458,1146
458,1246
458,1247
459,460
459,461
459,464
459,465
459,466
459,1145
459,1146
459,1180
459,1181
460,461
460,462
460,463
460,1180
460,1181
460,1486
460,1487
461,1168
461,1169
461,1180
461,1181
462,463
462,1486
462,1487
463,509
463,1462
463,1463
463,1486
463,1487
464,508
465,486
465,507
466,486
466,1145
466,1146
467,468
467,486
468,469
468,484
468,485
468,1342
468,1343
469,470
469,483
469,1136
469,1137
469,1342
469,1343
470,471
470,480
470,481
470,482
470,483
470,1124
470,1125
470,1136
470,1137
471,472
471,480
471,1124
471,1125
471,1330
471,1331
472,477
472,478
472,479
472,579
472,1330
472,1331
472,1492
473,491
473,492
473,574
473,577
473,1198
473,1199
474,491
474,493
474,578
475,490
475,494
475,578
476,490
476,495
476,578
476,579
476,1288
476,1289
477,490
477,496
478,489
478,490
478,497
479,489
479,498
480,488
480,489
480,499
480,1124
480,1125
480,1318
480,1319
481,488
481,500
482,488
482,501
483,487
483,488
483,502
483,1136
483,1137
483,1306
483,1307
484,487
484,503
485,486
485,487
485,504
486,487
486,504
486,505
486,506
486,507
486,1440
487,488
487,502
487,503
487,504
487,1306
487,1307
488,489
488,499
488,500
488,501
488,502
488,1306
488,1307
488,1318
488,1319
489,490
489,497
489,498
489,499
489,1318
489,1319
490,494
490,495
490,496
490,497
490,1451
491,492
491,493
491,494
491,1198
491,1199
492,516
492,1198
492,1199
492,1210
492,1211
493,516
493,540
494,515
494,516
495,515
496,515
497,514
497,515
498,514
499,513
499,514
499,1318
499,1319
499,1526
499,1527
500,513
501,513
502,512
502,513
502,1306
502,1307
502,1503
502,1504
502,1608
503,512
504,511
504,512
505,511
506,511
507,510
507,511
507,524
508,510
508,523
509,510
509,1462
509,1463
509,1480
509,1481
510,511
510,523
510,524
510,1480
510,1481
511,512
511,524
511,525
511,1538
511,1607
512,513
512,1503
512,1504
512,1608
513,514
513,1503
513,1504
513,1526
513,1527
513,1608
514,515
514,1526
514,1527
515,516
515,1578
516,540
516,1210
516,1211
517,518
517,539
517,540
517,541
517,542
517,1222
517,1223
518,519
518,536
518,537
518,538
518,539
518,1417
519,520
519,533
519,534
519,535
519,536
519,1428
519,1429
520,521
520,530
520,531
520,532
520,533
520,1521
520,1608
520,1609
521,522
521,524
521,525
521,527
521,528
521,529
521,530
521,1555
521,1607
522,523
522,524
522,526
522,527
522,549
522,1474
522,1475
523,526
524,527
526,548
526,551
527,547
527,548
527,552
528,547
529,547
530,546
530,547
530,556
531,546
532,546
533,545
533,546
533,560
534,545
535,545
536,544
536,545
536,564
537,544
538,544
539,543
539,544
539,567
540,541
541,543
541,568
542,543
542,569
542,1100
542,1101
542,1222
542,1223
543,544
543,567
543,568
544,545
544,564
544,565
544,566
544,567
545,546
545,560
545,561
545,562
545,563
545,564
546,547
546,556
546,557
546,558
546,559
546,560
547,548
547,552
547,553
547,554
547,555
547,556
548,549
548,551
548,552
549,550
549,1468
549,1469
549,1474
549,1475
550,1270
550,1271
550,1468
550,1469
550,1582
551,1582
552,1582
553,1412
553,1582
554,573
554,1360
554,1361
554,1582
555,573
556,573
557,573
558,572
558,573
558,1354
558,1355
559,572
560,572
561,572
562,571
562,572
562,1366
562,1367
563,571
564,571
565,571
565,1300
565,1301
566,570
566,571
567,570
568,570
569,570
569,1100
569,1101
569,1192
569,1193
570,571
570,1192
570,1193
571,572
571,1300
571,1301
571,1366
571,1367
572,573
572,1354
572,1355
572,1366
572,1367
573,1354
573,1355
573,1360
573,1361
573,1582
574,576
574,577
575,576
575,577
575,578
575,1049
575,1076
575,1077
575,1088
575,1089
576,1049
576,1076
576,1077
577,578
577,1088
577,1089
578,579
578,1088
578,1089
578,1288
578,1289
579,1049
579,1276
579,1277
579,1288
579,1289
580,581
580,592
580,593
580,601
580,1065
580,1066
580,1235
580,1236
581,601
581,605
581,1113
581,1114
581,1235
581,1236
582,583
582,585
582,586
582,1259
582,1260
582,1561
582,1562
583,584
583,585
583,1157
583,1158
583,1259
583,1260
584,588
584,589
584,681
584,693
584,1157
584,1158
584,1169
584,1170
585,587
585,588
585,589
585,595
585,597
585,682
585,693
585,1247
585,1248
585,1259
585,1260
586,587
586,595
586,597
586,607
586,644
586,1343
586,1344
586,1561
586,1562
587,682
587,693
587,1247
587,1248
588,595
589,597
590,606
590,608
590,609
590,610
590,622
590,1125
590,1126
590,1319
590,1320
591,600
591,601
591,608
591,609
591,610
591,611
591,612
591,614
591,634
591,1451
591,1452
591,1492
591,1493
592,603
592,604
592,694
592,1065
592,1066
592,1077
592,1078
592,1615
593,594
593,596
593,598
593,603
593,604
593,694
593,695
593,1277
593,1278
594,601
594,602
594,603
596,601
596,604
596,1061
598,599
598,601
598,694
598,695
598,1277
598,1278
599,601
599,605
600,601
600,605
600,606
600,1331
600,1332
600,1492
600,1493
601,602
601,1061
601,1235
601,1236
601,1492
601,1493
602,605
605,606
605,1061
605,1113
605,1114
605,1331
605,1332
606,1125
606,1126
606,1331
606,1332
607,640
607,644
607,1137
607,1138
607,1343
607,1344
610,622
610,634
610,1319
610,1320
610,1451
610,1452
611,615
612,615
613,615
613,696
613,1089
613,1090
613,1615
614,695
614,696
614,1289
614,1290
615,616
615,620
615,1199
615,1200
616,617
616,620
616,624
616,625
616,626
616,1199
616,1200
616,1211
616,1212
617,626
617,627
617,628
617,633
617,1211
617,1212
617,1223
617,1224
618,626
618,627
618,628
618,629
618,630
618,631
618,634
618,661
618,1417
618,1418
618,1578
618,1579
619,622
619,629
619,630
619,631
619,632
619,664
619,1429
619,1430
619,1527
619,1528
620,634
620,1199
620,1200
621,622
621,634
622,623
622,631
622,1319
622,1320
622,1527
622,1528
623,634
624,634
625,634
626,631
626,634
626,1211
626,1212
626,1578
626,1579
627,630
628,629
628,633
628,658
628,659
628,660
628,661
628,1223
628,1224
628,1417
628,1418
629,632
629,661
629,662
629,663
629,664
629,1417
629,1418
629,1429
629,1430
631,634
631,1527
631,1528
631,1578
631,1579
632,645
632,648
632,664
632,665
632,666
632,667
632,1429
632,1430
632,1521
632,1522
633,691
633,1101
633,1102
633,1223
633,1224
634,1451
634,1452
634,1578
634,1579
635,640
635,643
636,640
636,643
637,640
637,641
637,642
637,643
637,649
637,1307
637,1308
637,1440
637,1441
638,641
638,642
638,650
639,641
639,642
639,651
640,641
640,1137
640,1138
640,1307
640,1308
641,646
641,648
641,1307
641,1308
641,1504
641,1505
642,643
642,646
642,647
642,649
642,650
642,651
642,652
642,1440
642,1441
642,1538
642,1539
643,644
643,649
643,675
643,676
643,677
643,678
643,1440
643,1441
644,675
644,1343
644,1344
645,647
645,648
645,654
645,667
645,668
645,669
645,1050
645,1521
645,1522
645,1555
645,1556
646,647
646,648
646,652
646,1504
646,1505
646,1538
646,1539
647,652
647,653
647,654
647,669
647,1538
647,1539
647,1555
647,1556
648,667
648,1504
648,1505
648,1521
648,1522
649,656
649,657
649,1440
649,1441
650,656
651,656
652,655
652,656
652,1481
652,1482
652,1538
652,1539
653,655
654,655
654,669
654,683
654,684
654,685
654,689
654,1475
654,1476
654,1555
654,1556
655,656
655,684
655,1475
655,1476
655,1481
655,1482
656,657
656,1463
656,1464
656,1481
656,1482
657,677
657,678
657,679
657,1487
657,1488
658,670
659,670
660,670
661,670
661,671
661,1301
661,1302
661,1417
661,1418
662,671
663,671
664,671
664,672
664,1367
664,1368
664,1429
664,1430
665,672
666,672
667,672
667,673
667,1355
667,1356
667,1521
667,1522
668,673
669,673
669,674
669,1361
669,1362
669,1555
669,1556
670,671
670,691
670,1193
670,1194
670,1301
670,1302
671,672
671,1301
671,1302
671,1367
671,1368
672,673
672,1355
672,1356
672,1367
672,1368
673,674
673,1050
673,1355
673,1356
673,1361
673,1362
674,686
674,688
674,690
674,692
674,1271
674,1272
674,1361
674,1362
675,682
676,680
676,682
676,1146
676,1147
679,680
679,681
679,1181
679,1182
679,1487
679,1488
680,681
680,682
680,1146
680,1147
680,1181
680,1182
681,693
681,1169
681,1170
681,1181
681,1182
682,693
682,1146
682,1147
682,1247
682,1248
683,687
683,690
684,687
684,692
684,1469
684,1470
684,1475
684,1476
685,686
685,687
685,1412
685,1413
686,687
686,1412
686,1413
687,688
687,689
687,690
687,692
687,1412
687,1413
687,1469
687,1470
688,689
691,1101
691,1102
691,1193
691,1194
692,1271
692,1272
692,1469
692,1470
693,1169
693,1170
693,1247
693,1248
694,695
694,1077
694,1078
694,1277
694,1278
694,1615
695,696
695,1277
695,1278
695,1289
695,1290
696,1089
696,1090
696,1289
696,1290
696,1615
697,698
697,709
697,710
697,718
697,1070
697,1071
697,1237
697,1238
698,718
698,722
698,1118
698,1119
698,1237
698,1238
699,700
699,702
699,703
699,1261
699,1262
699,1566
699,1567
700,701
700,702
700,1162
700,1163
700,1261
700,1262
701,705
701,706
701,798
701,810
701,1162
701,1163
701,1174
701,1175
702,704
702,705
702,706
702,712
702,714
702,799
702,810
702,1249
702,1250
702,1261
702,1262
703,704
703,712
703,714
703,724
703,761
703,1345
703,1346
703,1566
703,1567
704,799
704,810
704,1249
704,1250
705,712
706,714
707,723
707,725
707,726
707,727
707,739
707,1130
707,1131
707,1321
707,1322
708,717
708,718
708,725
708,726
708,727
708,728
708,729
708,731
708,751
708,1453
708,1454
708,1497
708,1498
709,720
709,721
709,811
709,1070
709,1071
709,1082
709,1083
709,1616
710,711
710,713
710,715
710,720
710,721
710,811
710,812
710,1282
710,1283
711,718
711,719
711,720
713,718
713,721
713,1060
715,716
715,718
715,811
715,812
715,1282
715,1283
716,718
716,722
717,718
717,722
717,723
717,1333
717,1334
717,1497
717,1498
718,719
718,1060
718,1237
718,1238
718,1497
718,1498
719,722
722,723
722,1060
722,1118
722,1119
722,1333
722,1334
723,1130
723,1131
723,1333
723,1334
724,757
724,761
724,1142
724,1143
724,1345
724,1346
727,739
727,751
727,1321
727,1322
727,1453
727,1454
728,732
729,732
730,732
730,813
730,1094
730,1095
730,1616
731,812
731,813
731,1294
731,1295
732,733
732,737
732,1201
732,1202
733,734
733,737
733,741
733,742
733,743
733,1201
733,1202
733,1213
733,1214
734,743
734,744
734,745
734,750
734,1213
734,1214
734,1225
734,1226
735,743
735,744
735,745
735,746
735,747
735,748
735,751
735,778
735,1419
735,1420
735,1572
735,1573
736,739
736,746
736,747
736,748
736,749
736,781
736,1431
736,1432
736,1529
736,1530
737,751
737,1201
737,1202
738,739
738,751
739,740
739,748
739,1321
739,1322
739,1529
739,1530
740,751
741,751
742,751
743,748
743,751
743,1213
743,1214
743,1572
743,1573
744,747
745,746
745,750
745,775
745,776
745,777
745,778
745,1225
745,1226
745,1419
745,1420
746,749
746,778
746,779
746,780
746,781
746,1419
746,1420
746,1431
746,1432
748,751
748,1529
748,1530
748,1572
748,1573
749,762
749,765
749,781
749,782
749,783
749,784
749,1431
749,1432
749,1515
749,1516
750,808
750,1106
750,1107
750,1225
750,1226
751,1453
751,1454
751,1572
751,1573
752,757
752,760
753,757
753,760
754,757
754,758
754,759
754,760
754,766
754,1309
754,1310
754,1442
754,1443
755,758
755,759
755,767
756,758
756,759
756,768
757,758
757,1142
757,1143
757,1309
757,1310
758,763
758,765
758,1309
758,1310
758,1509
758,1510
759,760
759,763
759,764
759,766
759,767
759,768
759,769
759,1442
759,1443
759,1543
759,1544
760,761
760,766
760,792
760,793
760,794
760,795
760,1442
760,1443
761,792
761,1345
761,1346
762,764
762,765
762,771
762,784
762,785
762,786
762,1051
762,1515
762,1516
762,1549
762,1550
763,764
763,765
763,769
763,1509
763,1510
763,1543
763,1544
764,769
764,770
764,771
764,786
764,1543
764,1544
764,1549
764,1550
765,784
765,1509
765,1510
765,1515
765,1516
766,773
766,774
766,1442
766,1443
767,773
768,773
769,772
769,773
769,1477
769,1478
769,1543
769,1544
770,772
771,772
771,786
771,800
771,801
771,802
771,806
771,1471
771,1472
771,1549
771,1550
772,773
772,801
772,1471
772,1472
772,1477
772,1478
773,774
773,1459
773,1460
773,1477
773,1478
774,794
774,795
774,796
774,1483
774,1484
775,787
776,787
777,787
778,787
778,788
778,1297
778,1298
778,1419
778,1420
779,788
780,788
781,788
781,789
781,1363
781,1364
781,1431
781,1432
782,789
783,789
784,789
784,790
784,1351
784,1352
784,1515
784,1516
785,790
786,790
786,791
786,1357
786,1358
786,1549
786,1550
787,788
787,808
787,1189
787,1190
787,1297
787,1298
788,789
788,1297
788,1298
788,1363
788,1364
789,790
789,1351
789,1352
789,1363
789,1364
790,791
790,1051
790,1351
790,1352
790,1357
790,1358
791,803
791,805
791,807
791,809
791,1267
791,1268
791,1357
791,1358
792,799
793,797
793,799
793,1150
793,1151
796,797
796,798
796,1186
796,1187
796,1483
796,1484
797,798
797,799
797,1150
797,1151
797,1186
797,1187
798,810
798,1174
798,1175
798,1186
798,1187
799,810
799,1150
799,1151
799,1249
799,1250
800,804
800,807
801,804
801,809
801,1465
801,1466
801,1471
801,1472
802,803
802,804
802,1409
802,1410
803,804
803,1409
803,1410
804,805
804,806
804,807
804,809
804,1409
804,1410
804,1465
804,1466
805,806
808,1106
808,1107
808,1189
808,1190
809,1267
809,1268
809,1465
809,1466
810,1174
810,1175
810,1249
810,1250
811,812
811,1082
811,1083
811,1282
811,1283
811,1616
812,813
812,1282
812,1283
812,1294
812,1295
813,1094
813,1095
813,1294
813,1295
813,1616
814,815
814,826
814,827
814,835
814,1071
814,1072
814,1238
814,1239
815,835
815,839
815,1119
815,1120
815,1238
815,1239
816,817
816,819
816,820
816,1262
816,1263
816,1567
816,1568
817,818
817,819
817,1163
817,1164
817,1262
817,1263
818,822
818,823
818,915
818,927
818,1163
818,1164
818,1175
818,1176
819,821
819,822
819,823
819,829
819,831
819,916
819,927
819,1250
819,1251
819,1262
819,1263
820,821
820,829
820,831
820,841
820,878
820,1346
820,1347
820,1567
820,1568
821,916
821,927
821,1250
821,1251
822,829
823,831
824,840
824,842
824,843
824,844
824,856
824,1131
824,1132
824,1322
824,1323
825,834
825,835
825,842
825,843
825,844
825,845
825,846
825,848
825,868
825,1454
825,1455
825,1498
825,1499
826,837
826,838
826,928
826,1071
826,1072
826,1083
826,1084
826,1617
827,828
827,830
827,832
827,837
827,838
827,928
827,929
827,1283
827,1284
828,835
828,836
828,837
830,835
830,838
830,1059
832,833
832,835
832,928
832,929
832,1283
832,1284
833,835
833,839
834,835
834,839
834,840
834,1334
834,1335
834,1498
834,1499
835,836
835,1059
835,1238
835,1239
835,1498
835,1499
836,839
839,840
839,1059
839,1119
839,1120
839,1334
839,1335
840,1131
840,1132
840,1334
840,1335
841,874
841,878
841,1143
841,1144
841,1346
841,1347
844,856
844,868
844,1322
844,1323
844,1454
844,1455
845,849
846,849
847,849
847,930
847,1095
847,1096
847,1617
848,929
848,930
848,1295
848,1296
849,850
849,854
849,1202
849,1203
850,851
850,854
850,858
850,859
850,860
850,1202
850,1203
850,1214
850,1215
851,860
851,861
851,862
851,867
851,1214
851,1215
851,1226
851,1227
852,860
852,861
852,862
852,863
852,864
852,865
852,868
852,895
852,1420
852,1421
852,1573
852,1574
853,856
853,863
853,864
853,865
853,866
853,898
853,1432
853,1433
853,1530
853,1531
854,868
854,1202
854,1203
855,856
855,868
856,857
856,865
856,1322
856,1323
856,1530
856,1531
857,868
858,868
859,868
860,865
860,868
860,1214
860,1215
860,1573
860,1574
861,864
862,863
862,867
862,892
862,893
862,894
862,895
862,1226
862,1227
862,1420
862,1421
863,866
863,895
863,896
863,897
863,898
863,1420
863,1421
863,1432
863,1433
865,868
865,1530
865,1531
865,1573
865,1574
866,879
866,882
866,898
866,899
866,900
866,901
866,1432
866,1433
866,1516
866,1517
867,925
867,1107
867,1108
867,1226
867,1227
868,1454
868,1455
868,1573
868,1574
869,874
869,877
870,874
870,877
871,874
871,875
871,876
871,877
871,883
871,1310
871,1311
871,1443
871,1444
872,875
872,876
872,884
873,875
873,876
873,885
874,875
874,1143
874,1144
874,1310
874,1311
875,880
875,882
875,1310
875,1311
875,1510
875,1511
876,877
876,880
876,881
876,883
876,884
876,885
876,886
876,1443
876,1444
876,1544
876,1545
877,878
877,883
877,909
877,910
877,911
877,912
877,1443
877,1444
878,909
878,1346
878,1347
879,881
879,882
879,888
879,901
879,902
879,903
879,1052
879,1516
879,1517
879,1550
879,1551
880,881
880,882
880,886
880,1510
880,1511
880,1544
880,1545
881,886
881,887
881,888
881,903
881,1544
881,1545
881,1550
881,1551
882,901
882,1510
882,1511
882,1516
882,1517
883,890
883,891
883,1443
883,1444
884,890
885,890
886,889
886,890
886,1478
886,1479
886,1544
886,1545
887,889
888,889
888,903
888,917
888,918
888,919
888,923
888,1472
888,1473
888,1550
888,1551
889,890
889,918
889,1472
889,1473
889,1478
889,1479
890,891
890,1460
890,1461
890,1478
890,1479
891,911
891,912
891,913
891,1484
891,1485
892,904
893,904
894,904
895,904
895,905
895,1298
895,1299
895,1420
895,1421
896,905
897,905
898,905
898,906
898,1364
898,1365
898,1432
898,1433
899,906
900,906
901,906
901,907
901,1352
901,1353
901,1516
901,1517
902,907
903,907
903,908
903,1358
903,1359
903,1550
903,1551
904,905
904,925
904,1190
904,1191
904,1298
904,1299
905,906
905,1298
905,1299
905,1364
905,1365
906,907
906,1352
906,1353
906,1364
906,1365
907,908
907,1052
907,1352
907,1353
907,1358
907,1359
908,920
908,922
908,924
908,926
908,1268
908,1269
908,1358
908,1359
909,916
910,914
910,916
910,1151
910,1152
913,914
913,915
913,1187
913,1188
913,1484
913,1485
914,915
914,916
914,1151
914,1152
914,1187
914,1188
915,927
915,1175
915,1176
915,1187
915,1188
916,927
916,1151
916,1152
916,1250
916,1251
917,921
917,924
918,921
918,926
918,1466
918,1467
918,1472
918,1473
919,920
919,921
919,1410
919,1411
920,921
920,1410
920,1411
921,922
921,923
921,924
921,926
921,1410
921,1411
921,1466
921,1467
922,923
925,1107
925,1108
925,1190
925,1191
926,1268
926,1269
926,1466
926,1467
927,1175
927,1176
927,1250
927,1251
928,929
928,1083
928,1084
928,1283
928,1284
928,1617
929,930
929,1283
929,1284
929,1295
929,1296
930,1095
930,1096
930,1295
930,1296
930,1617
931,932
931,943
931,944
931,952
931,1067
931,1068
931,1240
931,1241
932,952
932,956
932,1115
932,1116
932,1240
932,1241
933,934
933,936
933,937
933,1264
933,1265
933,1563
933,1564
934,935
934,936
934,1159
934,1160
934,1264
934,1265
935,939
935,940
935,1027
935,1038
935,1159
935,1160
935,1171
935,1172
936,938
936,939
936,940
936,946
936,948
936,1028
936,1038
936,1252
936,1253
936,1264
936,1265
937,938
937,946
937,948
937,958
937,995
937,1348
937,1349
937,1563
937,1564
938,1028
938,1038
938,1252
938,1253
939,946
940,948
941,957
941,959
941,960
941,961
941,973
941,1127
941,1128
941,1324
941,1325
942,951
942,952
942,959
942,960
942,961
942,962
942,963
942,965
942,985
942,1456
942,1457
942,1494
942,1495
943,954
943,955
943,1039
943,1048
943,1067
943,1068
943,1079
943,1080
944,945
944,947
944,949
944,954
944,955
944,1039
944,1040
944,1279
944,1280
945,952
945,953
945,954
947,952
947,955
947,1058
949,950
949,952
949,1039
949,1040
949,1279
949,1280
950,952
950,956
951,952
951,956
951,957
951,1336
951,1337
951,1494
951,1495
952,953
952,1058
952,1240
952,1241
952,1494
952,1495
953,956
956,957
956,1058
956,1115
956,1116
956,1336
956,1337
957,1127
957,1128
957,1336
957,1337
958,991
958,995
958,1139
958,1140
958,1348
958,1349
961,973
961,985
961,1324
961,1325
961,1456
961,1457
962,966
963,966
964,966
964,1041
964,1048
964,1091
964,1092
965,1040
965,1041
965,1291
965,1292
966,967
966,971
966,1204
966,1205
967,968
967,971
967,975
967,976
967,977
967,1204
967,1205
967,1216
967,1217
968,977
968,978
968,979
968,984
968,1216
968,1217
968,1228
968,1229
969,977
969,978
969,979
969,980
969,981
969,982
969,985
969,1007
969,1422
969,1423
969,1575
969,1576
970,973
970,980
970,981
970,982
970,983
970,1010
970,1434
970,1435
970,1532
970,1533
971,985
971,1204
971,1205
972,973
972,985
973,974
973,982
973,1324
973,1325
973,1532
973,1533
974,985
975,985
976,985
977,982
977,985
977,1216
977,1217
977,1575
977,1576
978,981
979,980
979,984
979,1004
979,1005
979,1006
979,1007
979,1228
979,1229
979,1422
979,1423
980,983
980,1007
980,1008
980,1009
980,1010
980,1422
980,1423
980,1434
980,1435
982,985
982,1532
982,1533
982,1575
982,1576
983,996
983,999
983,1010
983,1011
983,1012
983,1013
983,1434
983,1435
983,1518
983,1519
984,1036
984,1103
984,1104
984,1228
984,1229
985,1456
985,1457
985,1575
985,1576
986,991
986,994
987,991
987,994
988,991
988,992
988,993
988,994
988,1312
988,1313
988,1445
988,1446
989,992
989,993
990,992
990,993
991,992
991,1139
991,1140
991,1312
991,1313
992,997
992,999
992,1312
992,1313
992,1506
992,1507
993,994
993,997
993,998
993,1000
993,1042
993,1043
993,1046
993,1445
993,1446
993,1540
993,1541
994,995
994,1021
994,1022
994,1023
994,1024
994,1445
994,1446
995,1021
995,1348
995,1349
996,998
996,999
996,1002
996,1013
996,1014
996,1015
996,1053
996,1518
996,1519
996,1552
996,1553
997,998
997,999
997,1000
997,1506
997,1507
997,1540
997,1541
998,1000
998,1001
998,1002
998,1015
998,1540
998,1541
998,1552
998,1553
999,1013
999,1506
999,1507
999,1518
999,1519
1000,1003
1000,1044
1000,1399
1000,1479
1000,1540
1000,1541
1001,1003
1002,1003
1002,1015
1002,1029
1002,1030
1002,1031
1002,1034
1002,1394
1002,1473
1002,1552
1002,1553
1003,1030
1003,1044
1003,1473
1003,1479
1004,1016
1005,1016
1006,1016
1007,1016
1007,1017
1007,1299
1007,1369
1007,1422
1007,1423
1008,1017
1009,1017
1010,1017
1010,1018
1010,1365
1010,1374
1010,1434
1010,1435
1011,1018
1012,1018
1013,1018
1013,1019
1013,1353
1013,1379
1013,1518
1013,1519
1014,1019
1015,1019
1015,1020
1015,1359
1015,1384
1015,1552
1015,1553
1016,1017
1016,1036
1016,1191
1016,1299
1017,1018
1017,1299
1017,1365
1018,1019
1018,1353
1018,1365
1019,1020
1019,1053
1019,1353
1019,1359
1020,1032
1020,1035
1020,1037
1020,1047
1020,1269
1020,1359
1021,1028
1022,1026
1022,1028
1022,1148
1022,1149
1023,1045
1024,1045
1025,1026
1025,1027
1025,1045
1025,1183
1025,1184
1025,1485
1026,1027
1026,1028
1026,1148
1026,1149
1026,1183
1026,1184
1027,1038
1027,1171
1027,1172
1027,1183
1027,1184
1028,1038
1028,1148
1028,1149
1028,1252
1028,1253
1029,1033
1029,1035
1030,1033
1030,1037
1030,1467
1030,1473
1031,1032
1031,1033
1031,1411
1032,1033
1032,1411
1033,1034
1033,1035
1033,1037
1033,1047
1033,1389
1033,1411
1033,1467
1034,1047
1036,1103
1036,1104
1036,1191
1037,1269
1037,1467
1038,1171
1038,1172
1038,1252
1038,1253
1039,1040
1039,1048
1039,1079
1039,1080
1039,1279
1039,1280
1040,1041
1040,1279
1040,1280
1040,1291
1040,1292
1041,1048
1041,1091
1041,1092
1041,1291
1041,1292
1042,1044
1043,1044
1044,1045
1044,1046
1044,1461
1044,1479
1045,1046
1045,1461
1045,1485
1046,1461
1048,1079
1048,1080
1048,1091
1048,1092
1049,1076
1049,1077
1049,1276
1049,1277
1062,1209
1062,1571
1063,1069
1063,1581
1064,1065
1065,1066
1066,1070
1067,1068
1067,1072
1068,1069
1070,1071
1071,1072
1073,1074
1073,1081
1073,1599
1073,1602
1074,1075
1074,1595
1074,1598
1074,1599
1074,1602
1075,1595
1075,1598
1076,1077
1077,1078
1077,1615
1078,1082
1078,1615
1079,1080
1079,1084
1080,1081
1080,1603
1080,1606
1081,1603
1081,1606
1082,1083
1082,1616
1083,1084
1083,1616
1083,1617
1084,1617
1085,1086
1085,1093
1085,1601
1085,1602
1086,1087
1086,1597
1086,1598
1086,1601
1086,1602
1087,1597
1087,1598
1088,1089
1089,1090
1089,1615
1090,1094
1090,1615
1091,1092
1091,1096
1092,1093
1092,1605
1092,1606
1093,1605
1093,1606
1094,1095
1094,1616
1095,1096
1095,1616
1095,1617
1096,1617
1097,1098
1097,1105
1098,1099
1100,1101
1101,1102
1102,1106
1103,1104
1103,1108
1104,1105
1106,1107
1107,1108
1109,1110
1109,1117
1110,1111
1112,1113
1113,1114
1114,1118
1115,1116
1115,1120
1116,1117
1118,1119
1119,1120
1121,1122
1121,1129
1122,1123
1124,1125
1125,1126
1126,1130
1127,1128
1127,1132
1128,1129
1130,1131
1131,1132
1133,1134
1133,1141
1134,1135
1136,1137
1137,1138
1138,1142
1139,1140
1139,1144
1140,1141
1142,1143
1143,1144
1145,1146
1146,1147
1147,1150
1148,1149
1148,1152
1149,1593
1149,1594
1150,1151
1151,1152
1153,1154
1153,1161
1154,1155
1156,1157
1157,1158
1158,1162
1159,1160
1159,1164
1160,1161
1162,1163
1163,1164
1165,1166
1165,1173
1165,1587
1165,1588
1166,1167
1166,1583
1166,1584
1166,1587
1166,1588
1167,1583
1167,1584
1168,1169
1169,1170
1170,1174
1171,1172
1171,1176
1172,1173
1172,1591
1172,1592
1173,1591
1173,1592
1174,1175
1175,1176
1177,1178
1177,1185
1177,1588
1177,1589
1178,1179
1178,1584
1178,1585
1178,1588
1178,1589
1179,1584
1179,1585
1180,1181
1181,1182
1182,1186
1183,1184
1183,1188
1184,1185
1184,1592
1184,1593
1185,1592
1185,1593
1186,1187
1187,1188
1189,1190
1189,1194
1190,1191
1192,1193
1193,1194
1195,1196
1195,1206
1196,1197
1198,1199
1199,1200
1200,1201
1201,1202
1202,1203
1203,1204
1204,1205
1205,1206
1207,1208
1207,1218
1208,1209
1210,1211
1211,1212
1212,1213
1213,1214
1214,1215
1215,1216
1216,1217
1217,1218
1219,1220
1219,1230
1220,1221
1222,1223
1223,1224
1224,1225
1225,1226
1226,1227
1227,1228
1228,1229
1229,1230
1231,1232
1231,1242
1232,1233
1234,1235
1235,1236
1236,1237
1237,1238
1238,1239
1239,1240
1240,1241
1241,1242
1243,1244
1243,1254
1243,1587
1243,1590
1244,1245
1244,1583
1244,1586
1244,1587
1244,1590
1245,1583
1245,1586
1246,1247
1247,1248
1248,1249
1249,1250
1250,1251
1251,1252
1252,1253
1253,1254
1253,1591
1253,1594
1254,1591
1254,1594
1255,1256
1255,1266
1256,1257
1258,1259
1259,1260
1260,1261
1261,1262
1262,1263
1263,1264
1264,1265
1265,1266
1267,1268
1267,1272
1268,1269
1270,1271
1270,1582
1271,1272
1271,1582
1273,1274
1273,1281
1273,1599
1273,1600
1274,1275
1274,1595
1274,1596
1274,1599
1274,1600
1275,1595
1275,1596
1276,1277
1277,1278
1278,1282
1279,1280
1279,1284
1280,1281
1280,1603
1280,1604
1281,1603
1281,1604
1282,1283
1283,1284
1285,1286
1285,1293
1285,1600
1285,1601
1286,1287
1286,1596
1286,1597
1286,1600
1286,1601
1287,1596
1287,1597
1288,1289
1289,1290
1290,1294
1291,1292
1291,1296
1292,1293
1292,1604
1292,1605
1293,1604
1293,1605
1294,1295
1295,1296
1297,1298
1297,1302
1298,1299
1300,1301
1301,1302
1303,1304
1303,1314
1304,1305
1306,1307
1307,1308
1308,1309
1309,1310
1310,1311
1311,1312
1312,1313
1313,1314
1315,1316
1315,1326
1316,1317
1318,1319
1319,1320
1320,1321
1321,1322
1322,1323
1323,1324
1324,1325
1325,1326
1327,1328
1327,1338
1328,1329
1330,1331
1331,1332
1332,1333
1333,1334
1334,1335
1335,1336
1336,1337
1337,1338
1339,1340
1339,1350
1340,1341
1342,1343
1343,1344
1344,1345
1345,1346
1346,1347
1347,1348
1348,1349
1349,1350
1351,1352
1351,1356
1352,1353
1354,1355
1355,1356
1357,1358
1357,1362
1358,1359
1360,1361
1360,1582
1361,1362
1361,1582
1363,1364
1363,1368
1364,1365
1366,1367
1367,1368
1369,1370
1370,1371
1371,1372
1372,1373
1374,1375
1375,1376
1376,1377
1377,1378
1379,1380
1380,1381
1381,1382
1382,1383
1384,1385
1385,1386
1386,1387
1387,1388
1389,1390
1390,1391
1391,1392
1392,1393
1394,1395
1395,1396
1396,1397
1397,1398
1399,1400
1400,1401
1401,1402
1402,1403
1404,1405
1405,1406
1406,1407
1407,1408
1409,1410
1409,1413
1410,1411
1412,1413
1414,1415
1414,1424
1415,1416
1417,1418
1418,1419
1419,1420
1420,1421
1421,1422
1422,1423
1423,1424
1425,1426
1425,1436
1426,1427
1428,1429
1429,1430
1430,1431
1431,1432
1432,1433
1433,1434
1434,1435
1435,1436
1437,1438
1437,1447
1438,1439
1440,1441
1441,1442
1442,1443
1443,1444
1444,1445
1445,1446
1446,1447
1448,1449
1448,1458
1449,1450
1451,1452
1452,1453
1453,1454
1454,1455
1455,1456
1456,1457
1457,1458
1459,1460
1459,1464
1460,1461
1462,1463
1463,1464
1465,1466
1465,1470
1466,1467
1468,1469
1469,1470
1471,1472
1471,1476
1472,1473
1474,1475
1475,1476
1477,1478
1477,1482
1478,1479
1480,1481
1481,1482
1483,1484
1483,1488
1484,1485
1486,1487
1487,1488
1489,1490
1489,1496
1490,1491
1492,1493
1493,1497
1494,1495
1494,1499
1495,1496
1497,1498
1498,1499
1500,1501
1500,1508
1501,1502
1503,1504
1503,1608
1504,1505
1504,1608
1505,1509
1506,1507
1506,1511
1507,1508
1509,1510
1510,1511
1512,1513
1512,1520
1513,1514
1515,1516
1515,1522
1516,1517
1517,1518
1518,1519
1519,1520
1521,1522
1521,1608
1521,1609
1523,1524
1523,1534
1524,1525
1526,1527
1527,1528
1528,1529
1529,1530
1530,1531
1531,1532
1532,1533
1533,1534
1535,1536
1535,1542
1536,1537
1538,1539
1538,1607
1539,1543
1540,1541
1540,1545
1541,1542
1543,1544
1544,1545
1546,1547
1546,1554
1547,1548
1549,1550
1549,1556
1550,1551
1551,1552
1552,1553
1553,1554
1555,1556
1555,1607
1557,1558
1557,1565
1558,1559
1560,1561
1561,1562
1562,1566
1563,1564
1563,1568
1564,1565
1566,1567
1567,1568
1569,1570
1569,1577
1570,1571
1572,1573
1572,1579
1573,1574
1574,1575
1575,1576
1576,1577
1578,1579
1580,1581
1583,1584
1583,1586
1584,1585
1585,1586
1587,1588
1587,1590
1588,1589
1589,1590
1591,1592
1591,1594
1592,1593
1593,1594
1595,1596
1595,1598
1596,1597
1597,1598
1599,1600
1599,1602
1600,1601
1601,1602
1603,1604
1603,1606
1604,1605
1605,1606
1608,1609
