node_id,x,y,z,is_support
0,36.42359999999985,-9.143999999999892,21.908260412276604,0
1,36.42359924316406,-9.144000053405762,23.85059928894043,0
2,36.42359924316406,-9.144000053405762,27.203399658203125,0
3,0.0,-6.197599999999852,0.0,1
4,4.571999999999889,-33.90899999999982,0.0,1
5,21.6407999999999,1.1368683772161603e-13,0.0,1
6,43.738799999999856,1.1368683772161603e-13,0.0,1
7,43.738799999999856,-6.197599999999852,0.0,1
8,30.175199999999904,-33.90899999999982,0.0,1
9,21.6407999999999,-33.90899999999982,0.0,1
10,13.106399999999894,-33.90899999999982,0.0,1
11,4.571999999999889,-27.20339999999976,0.0,1
12,4.571999999999889,-23.012399999999843,0.0,1
13,4.571999999999889,-14.935199999999838,0.0,1
14,13.106399999999894,-27.203399999999817,0.0,1
15,30.175199999999904,-23.012399999999843,0.0,1
16,30.175199999999904,-27.203399999999817,0.0,1
17,38.70959999999991,-27.20339999999976,0.0,1
18,38.70959999999991,-23.012399999999843,0.0,1
19,38.70959999999991,-14.935199999999838,0.0,1
20,21.6407999999999,-27.20339999999976,0.0,1
21,13.106399999999894,-14.935199999999838,0.0,1
22,13.106399999999894,-23.012399999999843,0.0,1
23,30.175199999999904,-14.935199999999838,0.0,1
24,38.70959999999991,-33.90899999999982,0.0,1
25,1.8287999999997737,5.684341886080802e-14,21.908260412276604,0
26,1.8287999999997737,-5.684341886080802e-14,0.0,1
27,1.8287999629974365,-1.2655455737455457e-14,3.733799934387207,0
28,1.8287999629974365,-3.292459756438007e-14,7.086599826812744,0
29,1.8287999999997737,0.0,15.164481538219434,0
30,1.8287999629974365,-2.0074799434539534e-14,17.145000457763672,0
31,1.8287999629974365,-5.944396755700691e-15,20.497800827026367,0
32,1.8287999999997737,0.0,8.420702664162263,0
33,1.8287999629974365,-2.842170943040401e-14,10.439399719238281,0
34,1.8287999629974365,-2.842170943040401e-14,13.792200088500977,0
35,1.8287999999997737,-6.197599999999909,21.908260412276604,0
36,1.8287999629974365,-6.1975998878479,23.85059928894043,0
37,1.8287999629974365,-6.1975998878479,27.203399658203125,0
38,1.8287999629974365,-6.1975998878479,5.551115123125783e-17,1
39,1.8287999629974365,-6.1975998878479,3.733799934387207,0
40,1.8287999629974365,-6.1975998878479,7.086599826812744,0
41,1.8287999999997737,-6.197599999999966,15.164481538219434,0
42,1.8287999629974365,-6.1975998878479,17.145000457763672,0
43,1.8287999629974365,-6.1975998878479,20.497800827026367,0
44,1.8287999999997737,-6.197599999999966,8.420702664162263,0
45,1.8287999629974365,-6.1975998878479,10.439399719238281,0
46,1.8287999629974365,-6.1975998878479,13.792200088500977,0
47,1.8287999999997737,-9.143999999999892,21.908260412276604,0
48,1.8287999629974365,-9.144000053405762,23.85059928894043,0
49,1.8287999629974365,-9.144000053405762,27.203399658203125,0
50,1.8287999629974365,-9.144000053405762,5.551115123125783e-17,1
51,1.8287999629974365,-9.144000053405762,3.733799934387207,0
52,1.8287999629974365,-9.144000053405762,7.086599826812744,0
53,1.8287999999997737,-9.143999999999949,15.164481538219434,0
54,1.8287999629974365,-9.144000053405762,17.145000457763672,0
55,1.8287999629974365,-9.144000053405762,20.497800827026367,0
56,1.8287999999997737,-9.143999999999949,8.420702664162263,0
57,1.8287999629974365,-9.144000053405762,10.439399719238281,0
58,1.8287999629974365,-9.144000053405762,13.792200088500977,0
59,0.0,-35.12819999999988,21.908260412276604,0
60,0.0,-35.12820053100586,23.85059928894043,0
61,0.0,-35.12820053100586,27.203399658203125,0
62,0.0,-35.12819999999999,0.0,1
63,0.0,-35.12820053100586,3.733799934387207,0
64,0.0,-35.12820053100586,7.086599826812744,0
65,0.0,-35.128199999999936,15.164481538219434,0
66,-1.1368683772161603e-13,-35.12820053100586,17.145000457763672,0
67,0.0,-35.12820053100586,20.497800827026367,0
68,0.0,-35.128199999999936,8.420702664162263,0
69,0.0,-35.12820053100586,10.439399719238281,0
70,0.0,-35.12820053100586,13.792200088500977,0
71,15.84960000000001,5.684341886080802e-14,21.908260412276604,0
72,15.849599838256836,6.383556657314207e-15,23.85059928894043,0
73,15.849599838256836,1.7402632408584397e-14,27.203399658203125,0
74,15.84960000000001,-5.684341886080802e-14,0.0,1
75,15.849599838256836,-1.2655455737455457e-14,3.733799934387207,0
76,15.849599838256836,-3.292459756438007e-14,7.086599826812744,0
77,15.84960000000001,0.0,15.164481538219434,0
78,15.849599838256836,-2.0074799434539534e-14,17.145000457763672,0
79,15.849599838256836,-5.944396755700691e-15,20.497800827026367,0
80,15.84960000000001,0.0,8.420702664162263,0
81,15.849599838256836,-2.842170943040401e-14,10.439399719238281,0
82,15.849599838256836,-2.842170943040401e-14,13.792200088500977,0
83,17.52599999999984,-7.924799999999891,21.908260412276604,0
84,17.525999069213867,-7.924799919128418,23.85059928894043,0
85,17.525999069213867,-7.924799919128418,27.203399658203125,0
86,17.52599999999984,-7.924800000000005,0.0,1
87,17.525999069213867,-7.924799919128418,3.733799934387207,0
88,17.525999069213867,-7.924799919128418,7.086599826812744,0
89,17.52599999999984,-7.924799999999948,15.164481538219434,0
90,17.525999069213867,-7.924799919128418,17.145000457763672,0
91,17.525999069213867,-7.924799919128418,20.497800827026367,0
92,17.52599999999984,-7.924799999999948,8.420702664162263,0
93,17.525999069213867,-7.924799919128418,10.439399719238281,0
94,17.525999069213867,-7.924799919128418,13.792200088500977,0
95,26.21279999999979,-7.924799999999891,21.908260412276604,0
96,26.212799072265625,-7.924799919128418,23.85059928894043,0
97,26.212799072265625,-7.924799919128418,27.203399658203125,0
98,26.21279999999979,-7.924800000000005,0.0,1
99,26.212799072265625,-7.924799919128418,3.733799934387207,0
100,26.212799072265625,-7.924799919128418,7.086599826812744,0
101,26.21279999999979,-7.924799999999948,15.164481538219434,0
102,26.212799072265625,-7.924799919128418,17.145000457763672,0
103,26.212799072265625,-7.924799919128418,20.497800827026367,0
104,26.21279999999979,-7.924799999999948,8.420702664162263,0
105,26.212799072265625,-7.924799919128418,10.439399719238281,0
106,26.212799072265625,-7.924799919128418,13.792200088500977,0
107,36.42359924316406,-9.144000053405762,5.551115123125783e-17,1
108,36.42359924316406,-9.144000053405762,3.733799934387207,0
109,36.42359924316406,-9.144000053405762,7.086599826812744,0
110,36.42359999999985,-9.143999999999949,15.164481538219434,0
111,36.42359924316406,-9.144000053405762,17.145000457763672,0
112,36.42359924316406,-9.144000053405762,20.497800827026367,0
113,36.42359999999985,-9.143999999999949,8.420702664162263,0
114,36.42359924316406,-9.144000053405762,10.439399719238281,0
115,36.42359924316406,-9.144000053405762,13.792200088500977,0
116,41.909999999999854,5.684341886080802e-14,21.908260412276604,0
117,41.90999984741211,6.383556657314207e-15,23.85059928894043,0
118,41.90999984741211,1.7402632408584397e-14,27.203399658203125,0
119,41.909999999999854,-5.684341886080802e-14,0.0,1
120,41.90999984741211,-1.2655455737455457e-14,3.733799934387207,0
121,41.90999984741211,-3.292459756438007e-14,7.086599826812744,0
122,41.909999999999854,0.0,15.164481538219434,0
123,41.90999984741211,-2.0074799434539534e-14,17.145000457763672,0
124,41.90999984741211,-5.944396755700691e-15,20.497800827026367,0
125,41.909999999999854,0.0,8.420702664162263,0
126,41.90999984741211,-2.842170943040401e-14,10.439399719238281,0
127,41.90999984741211,-2.842170943040401e-14,13.792200088500977,0
128,41.909999999999854,-6.197599999999909,21.908260412276604,0
129,41.90999984741211,-6.1975998878479,23.85059928894043,0
130,41.90999984741211,-6.1975998878479,27.203399658203125,0
131,41.90999984741211,-6.1975998878479,5.551115123125783e-17,1
132,41.90999984741211,-6.1975998878479,3.733799934387207,0
133,41.90999984741211,-6.1975998878479,7.086599826812744,0
134,41.909999999999854,-6.197599999999966,15.164481538219434,0
135,41.90999984741211,-6.1975998878479,17.145000457763672,0
136,41.90999984741211,-6.1975998878479,20.497800827026367,0
137,41.909999999999854,-6.197599999999966,8.420702664162263,0
138,41.90999984741211,-6.1975998878479,10.439399719238281,0
139,41.90999984741211,-6.1975998878479,13.792200088500977,0
140,41.909999999999854,-9.143999999999892,21.908260412276604,0
141,41.90999984741211,-9.144000053405762,23.85059928894043,0
142,41.90999984741211,-9.144000053405762,27.203399658203125,0
143,41.90999984741211,-9.144000053405762,5.551115123125783e-17,1
144,41.90999984741211,-9.144000053405762,3.733799934387207,0
145,41.90999984741211,-9.144000053405762,7.086599826812744,0
146,41.909999999999854,-9.143999999999949,15.164481538219434,0
147,41.90999984741211,-9.144000053405762,17.145000457763672,0
148,41.90999984741211,-9.144000053405762,20.497800827026367,0
149,41.909999999999854,-9.143999999999949,8.420702664162263,0
150,41.90999984741211,-9.144000053405762,10.439399719238281,0
151,41.90999984741211,-9.144000053405762,13.792200088500977,0
152,0.0,-38.480999999999824,8.420702664162263,0
153,0.0,-38.48099899291992,10.439399719238281,0
154,0.0,-38.48099899291992,13.792200088500977,0
155,0.0,-38.48099999999988,0.0,1
156,0.0,-38.48099899291992,3.733799934387207,0
157,0.0,-38.48099899291992,7.086599826812744,0
158,0.0,-16.459199999999896,21.908260412276604,0
159,0.0,-16.459199905395508,23.85059928894043,0
160,0.0,-16.459199905395508,27.203399658203125,0
161,0.0,-16.45920000000001,0.0,1
162,0.0,-16.459199905395508,3.733799934387207,0
163,0.0,-16.459199905395508,7.086599826812744,0
164,0.0,-16.459199999999953,8.420702664162263,0
165,0.0,-16.459199905395508,10.439399719238281,0
166,0.0,-16.459199905395508,13.792200088500977,0
167,0.0,-16.459199999999953,15.164481538219434,0
168,-1.364242106869501e-13,-16.459199905395508,17.145000457763672,0
169,0.0,-16.459199905395508,20.497800827026367,0
170,0.0,-23.0123999999999,21.908260412276604,0
171,0.0,-23.012399673461914,23.85059928894043,0
172,0.0,-23.012399673461914,27.203399658203125,0
173,0.0,-23.012400000000014,0.0,1
174,0.0,-23.012399673461914,3.733799934387207,0
175,0.0,-23.012399673461914,7.086599826812744,0
176,0.0,-23.012399999999957,8.420702664162263,0
177,0.0,-23.012399673461914,10.439399719238281,0
178,0.0,-23.012399673461914,13.792200088500977,0
179,0.0,-23.012399999999957,15.164481538219434,0
180,-1.364242106869501e-13,-23.012399673461914,17.145000457763672,0
181,0.0,-23.012399673461914,20.497800827026367,0
182,0.0,-27.203399999999874,21.908260412276604,0
183,0.0,-27.203399658203125,23.85059928894043,0
184,0.0,-27.203399658203125,27.203399658203125,0
185,0.0,-27.203399999999988,0.0,1
186,0.0,-27.203399658203125,3.733799934387207,0
187,0.0,-27.203399658203125,7.086599826812744,0
188,0.0,-27.20339999999993,8.420702664162263,0
189,0.0,-27.203399658203125,10.439399719238281,0
190,0.0,-27.203399658203125,13.792200088500977,0
191,0.0,-27.20339999999993,15.164481538219434,0
192,-1.364242106869501e-13,-27.203399658203125,17.145000457763672,0
193,0.0,-27.203399658203125,20.497800827026367,0
194,9.753600000000006,5.684341886080802e-14,21.908260412276604,0
195,9.753600120544434,-6.2618384463102375e-15,23.85059928894043,0
196,9.753600120544434,2.5534225358707406e-15,27.203399658203125,0
197,9.753600000000006,-5.684341886080802e-14,0.0,1
198,9.753600120544434,-1.2655455737455457e-14,3.733799934387207,0
199,9.753600120544434,-3.770836182366566e-14,7.086599826812744,0
200,9.753600000000006,0.0,8.420702664162263,0
201,9.753600120544434,-3.4106052671737525e-14,10.439399719238281,0
202,9.753600120544434,-3.4106052671737525e-14,13.792200088500977,0
203,9.753600000000006,0.0,15.164481538219434,0
204,9.753600120544434,-2.7428522642166872e-14,17.145000457763672,0
205,9.753600120544434,-1.6124200499095798e-14,20.497800827026367,0
206,36.42359999999985,-6.197599999999909,21.908260412276604,0
207,36.42359924316406,-6.1975998878479,23.85059928894043,0
208,36.42359924316406,-6.1975998878479,27.203399658203125,0
209,36.42359924316406,-6.1975998878479,5.551115123125783e-17,1
210,36.42359924316406,-6.1975998878479,3.733799934387207,0
211,36.42359924316406,-6.1975998878479,7.086599826812744,0
212,36.42359999999985,-6.197599999999966,8.420702664162263,0
213,36.42359924316406,-6.1975998878479,10.439399719238281,0
214,36.42359924316406,-6.1975998878479,13.792200088500977,0
215,36.42359999999985,-6.197599999999966,15.164481538219434,0
216,36.42359924316406,-6.1975998878479,17.145000457763672,0
217,36.42359924316406,-6.1975998878479,20.497800827026367,0
218,36.42359999999985,5.684341886080802e-14,21.908260412276604,0
219,36.42359924316406,-6.2618384463102375e-15,23.85059928894043,0
220,36.42359924316406,2.5534225358707406e-15,27.203399658203125,0
221,36.42359999999985,-5.684341886080802e-14,0.0,1
222,36.42359924316406,-1.2655455737455457e-14,3.733799934387207,0
223,36.42359924316406,-3.770836182366566e-14,7.086599826812744,0
224,36.42359999999985,0.0,8.420702664162263,0
225,36.42359924316406,-3.4106052671737525e-14,10.439399719238281,0
226,36.42359924316406,-3.4106052671737525e-14,13.792200088500977,0
227,36.42359999999985,0.0,15.164481538219434,0
228,36.42359924316406,-2.7428522642166872e-14,17.145000457763672,0
229,36.42359924316406,-1.6124200499095798e-14,20.497800827026367,0
230,43.738799999999856,-38.480999999999824,8.420702664162263,0
231,43.738800048828125,-38.48099899291992,10.439399719238281,0
232,43.738800048828125,-38.48099899291992,13.792200088500977,0
233,43.738799999999856,-38.48099999999988,0.0,1
234,43.738800048828125,-38.48099899291992,3.733799934387207,0
235,43.738800048828125,-38.48099899291992,7.086599826812744,0
236,7.315200000000004,-6.197599999999909,21.908260412276604,0
237,7.315199851989746,-6.1975998878479,23.85059928894043,0
238,7.315199851989746,-6.1975998878479,27.203399658203125,0
239,7.315199851989746,-6.1975998878479,5.551115123125783e-17,1
240,7.315199851989746,-6.1975998878479,3.733799934387207,0
241,7.315199851989746,-6.1975998878479,7.086599826812744,0
242,7.315200000000004,-6.197599999999966,15.164481538219434,0
243,7.315199851989746,-6.1975998878479,17.145000457763672,0
244,7.315199851989746,-6.1975998878479,20.497800827026367,0
245,7.315200000000004,-6.197599999999966,8.420702664162263,0
246,7.315199851989746,-6.1975998878479,10.439399719238281,0
247,7.315199851989746,-6.1975998878479,13.792200088500977,0
248,7.315200000000004,-9.143999999999892,21.908260412276604,0
249,7.315199851989746,-9.144000053405762,23.85059928894043,0
250,7.315199851989746,-9.144000053405762,27.203399658203125,0
251,7.315199851989746,-9.144000053405762,5.551115123125783e-17,1
252,7.315199851989746,-9.144000053405762,3.733799934387207,0
253,7.315199851989746,-9.144000053405762,7.086599826812744,0
254,7.315200000000004,-9.143999999999949,15.164481538219434,0
255,7.315199851989746,-9.144000053405762,17.145000457763672,0
256,7.315199851989746,-9.144000053405762,20.497800827026367,0
257,7.315200000000004,-9.143999999999949,8.420702664162263,0
258,7.315199851989746,-9.144000053405762,10.439399719238281,0
259,7.315199851989746,-9.144000053405762,13.792200088500977,0
260,9.753600000000006,-38.480999999999824,8.420702664162263,0
261,9.753600120544434,-38.48099899291992,10.439399719238281,0
262,9.753600120544434,-38.48099899291992,13.792200088500977,0
263,9.753600000000006,-38.48099999999988,0.0,1
264,9.753600120544434,-38.48099899291992,3.733799934387207,0
265,9.753600120544434,-38.48099899291992,7.086599826812744,0
266,26.21279999999979,-14.935199999999895,21.908260412276604,0
267,26.212799072265625,-14.935199737548828,23.85059928894043,0
268,26.212799072265625,-14.935199737548828,27.203399658203125,0
269,26.21279999999979,-14.935200000000009,0.0,1
270,26.212799072265625,-14.935199737548828,3.733799934387207,0
271,26.212799072265625,-14.935199737548828,7.086599826812744,0
272,26.21279999999979,-14.935199999999952,8.420702664162263,0
273,26.212799072265625,-14.935199737548828,10.439399719238281,0
274,26.212799072265625,-14.935199737548828,13.792200088500977,0
275,26.21279999999979,-14.935199999999952,15.164481538219434,0
276,26.212799072265625,-14.935199737548828,17.145000457763672,0
277,26.212799072265625,-14.935199737548828,20.497800827026367,0
278,17.52599999999984,-14.935199999999895,21.908260412276604,0
279,17.525999069213867,-14.935199737548828,23.85059928894043,0
280,17.525999069213867,-14.935199737548828,27.203399658203125,0
281,17.52599999999984,-14.935200000000009,0.0,1
282,17.525999069213867,-14.935199737548828,3.733799934387207,0
283,17.525999069213867,-14.935199737548828,7.086599826812744,0
284,17.52599999999984,-14.935199999999952,8.420702664162263,0
285,17.525999069213867,-14.935199737548828,10.439399719238281,0
286,17.525999069213867,-14.935199737548828,13.792200088500977,0
287,17.52599999999984,-14.935199999999952,15.164481538219434,0
288,17.525999069213867,-14.935199737548828,17.145000457763672,0
289,17.525999069213867,-14.935199737548828,20.497800827026367,0
290,15.84960000000001,-7.924799999999891,21.908260412276604,0
291,15.849599838256836,-7.924799919128418,23.85059928894043,0
292,15.849599838256836,-7.924799919128418,27.203399658203125,0
293,15.84960000000001,-7.924800000000005,0.0,1
294,15.849599838256836,-7.924799919128418,3.733799934387207,0
295,15.849599838256836,-7.924799919128418,7.086599826812744,0
296,15.84960000000001,-7.924799999999948,8.420702664162263,0
297,15.849599838256836,-7.924799919128418,10.439399719238281,0
298,15.849599838256836,-7.924799919128418,13.792200088500977,0
299,15.84960000000001,-7.924799999999948,15.164481538219434,0
300,15.849599838256836,-7.924799919128418,17.145000457763672,0
301,15.849599838256836,-7.924799919128418,20.497800827026367,0
302,27.889199999999846,-7.924799999999891,21.908260412276604,0
303,27.88920021057129,-7.924799919128418,23.85059928894043,0
304,27.88920021057129,-7.924799919128418,27.203399658203125,0
305,27.889199999999846,-7.924800000000005,0.0,1
306,27.88920021057129,-7.924799919128418,3.733799934387207,0
307,27.88920021057129,-7.924799919128418,7.086599826812744,0
308,27.889199999999846,-7.924799999999948,8.420702664162263,0
309,27.88920021057129,-7.924799919128418,10.439399719238281,0
310,27.88920021057129,-7.924799919128418,13.792200088500977,0
311,27.889199999999846,-7.924799999999948,15.164481538219434,0
312,27.88920021057129,-7.924799919128418,17.145000457763672,0
313,27.88920021057129,-7.924799919128418,20.497800827026367,0
314,26.21279999999979,-38.480999999999824,8.420702664162263,0
315,26.212799072265625,-38.48099899291992,10.439399719238281,0
316,26.212799072265625,-38.48099899291992,13.792200088500977,0
317,26.21279999999979,-38.48099999999988,0.0,1
318,26.212799072265625,-38.48099899291992,3.733799934387207,0
319,26.212799072265625,-38.48099899291992,7.086599826812744,0
320,33.98519999999985,-38.480999999999824,8.420702664162263,0
321,33.985198974609375,-38.48099899291992,10.439399719238281,0
322,33.985198974609375,-38.48099899291992,13.792200088500977,0
323,33.98519999999985,-38.48099999999988,0.0,1
324,33.985198974609375,-38.48099899291992,3.733799934387207,0
325,33.985198974609375,-38.48099899291992,7.086599826812744,0
326,17.52599999999984,-38.480999999999824,8.420702664162263,0
327,17.525999069213867,-38.48099899291992,10.439399719238281,0
328,17.525999069213867,-38.48099899291992,13.792200088500977,0
329,17.52599999999984,-38.48099999999988,0.0,1
330,17.525999069213867,-38.48099899291992,3.733799934387207,0
331,17.525999069213867,-38.48099899291992,7.086599826812744,0
332,9.753600120544434,-35.12820053100586,17.145000457763672,0
333,9.753600120544434,-35.12820053100586,20.497800827026367,0
334,9.753600000000006,-35.12819999999988,22.373669582328944,0
335,9.753600120544434,-35.12820053100586,23.85059928894043,0
336,9.753600120544434,-35.12820053100586,27.203399658203125,0
337,17.525999069213867,-35.12820053100586,17.145000457763672,0
338,17.525999069213867,-35.12820053100586,20.497800827026367,0
339,17.52599999999984,-35.12819999999988,22.373669582328944,0
340,17.525999069213867,-35.12820053100586,23.85059928894043,0
341,17.525999069213867,-35.12820053100586,27.203399658203125,0
342,26.212799072265625,-35.12820053100586,17.145000457763672,0
343,26.212799072265625,-35.12820053100586,20.497800827026367,0
344,26.21279999999979,-35.12819999999988,22.373669582328944,0
345,26.212799072265625,-35.12820053100586,23.85059928894043,0
346,26.212799072265625,-35.12820053100586,27.203399658203125,0
347,33.985198974609375,-35.12820053100586,17.145000457763672,0
348,33.985198974609375,-35.12820053100586,20.497800827026367,0
349,33.98519999999985,-35.12819999999988,22.373669582328944,0
350,33.985198974609375,-35.12820053100586,23.85059928894043,0
351,33.985198974609375,-35.12820053100586,27.203399658203125,0
352,41.90999984741211,-35.12820053100586,17.145000457763672,0
353,41.90999984741211,-35.12820053100586,20.497800827026367,0
354,41.909999999999854,-35.12819999999988,22.373669582328944,0
355,41.90999984741211,-35.12820053100586,23.85059928894043,0
356,41.90999984741211,-35.12820053100586,27.203399658203125,0
357,41.90999984741211,-27.203399658203125,17.145000457763672,0
358,41.90999984741211,-27.203399658203125,20.497800827026367,0
359,41.909999999999854,-27.203399999999874,22.373669582328944,0
360,41.90999984741211,-27.203399658203125,23.85059928894043,0
361,41.90999984741211,-27.203399658203125,27.203399658203125,0
362,41.90999984741211,-23.012399673461914,17.145000457763672,0
363,41.90999984741211,-23.012399673461914,20.497800827026367,0
364,41.909999999999854,-23.0123999999999,22.373669582328944,0
365,41.90999984741211,-23.012399673461914,23.85059928894043,0
366,41.90999984741211,-23.012399673461914,27.203399658203125,0
367,41.90999984741211,-14.935199737548828,17.145000457763672,0
368,41.90999984741211,-14.935199737548828,20.497800827026367,0
369,41.909999999999854,-14.935199999999895,22.373669582328944,0
370,41.90999984741211,-14.935199737548828,23.85059928894043,0
371,41.90999984741211,-14.935199737548828,27.203399658203125,0
372,36.42359999999985,-35.12819999999982,8.420702664162263,0
373,36.42359924316406,-35.12820053100586,10.439399719238281,0
374,36.42359924316406,-35.12820053100586,13.792200088500977,0
375,36.42359924316406,-35.12820053100586,3.733799934387207,0
376,36.42359924316406,-35.12820053100586,7.086599826812744,0
377,9.753600000000006,-27.203399999999817,21.908260412276604,0
378,9.753600120544434,-27.203399658203125,23.85059928894043,0
379,9.753600120544434,-27.203399658203125,27.203399658203125,0
380,9.753600120544434,-27.203399658203125,3.733799934387207,0
381,9.753600120544434,-27.203399658203125,7.086599826812744,0
382,9.753600000000006,-27.203399999999874,8.420702664162263,0
383,9.753600120544434,-27.203399658203125,10.439399719238281,0
384,9.753600120544434,-27.203399658203125,13.792200088500977,0
385,9.753600000000006,-27.203399999999874,15.164481538219434,0
386,9.753600120544434,-27.203399658203125,17.145000457763672,0
387,9.753600120544434,-27.203399658203125,20.497800827026367,0
388,17.52599999999984,-27.203399999999874,21.908260412276604,0
389,17.525999069213867,-27.203399658203125,23.85059928894043,0
390,17.525999069213867,-27.203399658203125,27.203399658203125,0
391,17.52599999999984,-27.203399999999988,3.305855885287997,0
392,17.525999069213867,-27.203399658203125,3.733799934387207,0
393,17.525999069213867,-27.203399658203125,7.086599826812744,0
394,17.52599999999984,-27.20339999999993,8.420702664162263,0
395,17.525999069213867,-27.203399658203125,10.439399719238281,0
396,17.525999069213867,-27.203399658203125,13.792200088500977,0
397,17.52599999999984,-27.20339999999993,15.164481538219434,0
398,17.525999069213867,-27.203399658203125,17.145000457763672,0
399,17.525999069213867,-27.203399658203125,20.497800827026367,0
400,33.98519999999985,-14.935199999999895,21.908260412276604,0
401,33.985198974609375,-14.935199737548828,23.85059928894043,0
402,33.985198974609375,-14.935199737548828,27.203399658203125,0
403,33.985198974609375,-14.935199737548828,3.733799934387207,0
404,33.985198974609375,-14.935199737548828,7.086599826812744,0
405,33.98519999999985,-14.935199999999952,8.420702664162263,0
406,33.985198974609375,-14.935199737548828,10.439399719238281,0
407,33.985198974609375,-14.935199737548828,13.792200088500977,0
408,33.98519999999985,-14.935199999999952,15.164481538219434,0
409,33.985198974609375,-14.935199737548828,17.145000457763672,0
410,33.985198974609375,-14.935199737548828,20.497800827026367,0
411,9.753600000000006,-14.935199999999895,21.908260412276604,0
412,9.753600120544434,-14.935199737548828,23.85059928894043,0
413,9.753600120544434,-14.935199737548828,27.203399658203125,0
414,9.753600120544434,-14.935199737548828,3.733799934387207,0
415,9.753600120544434,-14.935199737548828,7.086599826812744,0
416,9.753600000000006,-14.935199999999952,8.420702664162263,0
417,9.753600120544434,-14.935199737548828,10.439399719238281,0
418,9.753600120544434,-14.935199737548828,13.792200088500977,0
419,9.753600000000006,-14.935199999999952,15.164481538219434,0
420,9.753600120544434,-14.935199737548828,17.145000457763672,0
421,9.753600120544434,-14.935199737548828,20.497800827026367,0
422,43.738799999999856,-16.45919999999984,8.420702664162263,0
423,43.738800048828125,-16.459199905395508,10.439399719238281,0
424,43.738800048828125,-16.459199905395508,13.792200088500977,0
425,43.738799999999856,-16.459199999999896,0.0,1
426,43.738800048828125,-16.459199905395508,3.733799934387207,0
427,43.738800048828125,-16.459199905395508,7.086599826812744,0
428,43.738799999999856,-35.12819999999982,8.420702664162263,0
429,43.738800048828125,-35.12820053100586,10.439399719238281,0
430,43.738800048828125,-35.12820053100586,13.792200088500977,0
431,43.738799999999856,-35.12819999999988,0.0,1
432,43.738800048828125,-35.12820053100586,3.733799934387207,0
433,43.738800048828125,-35.12820053100586,7.086599826812744,0
434,43.738799999999856,-27.20339999999976,8.420702664162263,0
435,43.738800048828125,-27.203399658203125,10.439399719238281,0
436,43.738800048828125,-27.203399658203125,13.792200088500977,0
437,43.738799999999856,-27.203399999999817,0.0,1
438,43.738800048828125,-27.203399658203125,3.733799934387207,0
439,43.738800048828125,-27.203399658203125,7.086599826812744,0
440,43.738799999999856,-23.012399999999843,8.420702664162263,0
441,43.738800048828125,-23.012399673461914,10.439399719238281,0
442,43.738800048828125,-23.012399673461914,13.792200088500977,0
443,43.738799999999856,-23.0123999999999,0.0,1
444,43.738800048828125,-23.012399673461914,3.733799934387207,0
445,43.738800048828125,-23.012399673461914,7.086599826812744,0
446,43.738799999999856,-9.143999999999835,8.420702664162263,0
447,43.738800048828125,-9.144000053405762,10.439399719238281,0
448,43.738800048828125,-9.144000053405762,13.792200088500977,0
449,43.738799999999856,-9.143999999999892,0.0,1
450,43.738800048828125,-9.144000053405762,3.733799934387207,0
451,43.738800048828125,-9.144000053405762,7.086599826812744,0
452,9.753600000000006,-7.924799999999891,21.908260412276604,0
453,9.753600120544434,-7.924799919128418,23.85059928894043,0
454,9.753600120544434,-7.924799919128418,27.203399658203125,0
455,9.753600120544434,-7.924799919128418,3.733799934387207,0
456,9.753600120544434,-7.924799919128418,7.086599826812744,0
457,9.753600000000006,-7.924799999999948,15.164481538219434,0
458,9.753600120544434,-7.924799919128418,17.145000457763672,0
459,9.753600120544434,-7.924799919128418,20.497800827026367,0
460,9.753600000000006,-7.924799999999948,8.420702664162263,0
461,9.753600120544434,-7.924799919128418,10.439399719238281,0
462,9.753600120544434,-7.924799919128418,13.792200088500977,0
463,26.21279999999979,-23.0123999999999,21.908260412276604,0
464,26.212799072265625,-23.012399673461914,23.85059928894043,0
465,26.212799072265625,-23.012399673461914,27.203399658203125,0
466,26.212799072265625,-23.012399673461914,5.551115123125783e-17,1
467,26.212799072265625,-23.012399673461914,3.733799934387207,0
468,26.212799072265625,-23.012399673461914,7.086599826812744,0
469,26.21279999999979,-23.012399999999957,15.164481538219434,0
470,26.212799072265625,-23.012399673461914,17.145000457763672,0
471,26.212799072265625,-23.012399673461914,20.497800827026367,0
472,26.21279999999979,-23.012399999999957,8.420702664162263,0
473,26.212799072265625,-23.012399673461914,10.439399719238281,0
474,26.212799072265625,-23.012399673461914,13.792200088500977,0
475,26.21279999999979,-27.203399999999817,21.908260412276604,0
476,26.212799072265625,-27.203399658203125,23.85059928894043,0
477,26.212799072265625,-27.203399658203125,27.203399658203125,0
478,26.21279999999979,-27.203399999999874,8.420702664162263,0
479,26.212799072265625,-27.203399658203125,10.439399719238281,0
480,26.212799072265625,-27.203399658203125,13.792200088500977,0
481,26.21279999999979,-27.203399999999874,15.164481538219434,0
482,26.212799072265625,-27.203399658203125,17.145000457763672,0
483,26.212799072265625,-27.203399658203125,20.497800827026367,0
484,26.212799072265625,-27.203399658203125,3.733799934387207,0
485,26.212799072265625,-27.203399658203125,7.086599826812744,0
486,17.52599999999984,-23.0123999999999,21.908260412276604,0
487,17.525999069213867,-23.012399673461914,23.85059928894043,0
488,17.525999069213867,-23.012399673461914,27.203399658203125,0
489,17.52599999999984,-23.012400000000014,0.0,1
490,17.525999069213867,-23.012399673461914,3.733799934387207,0
491,17.525999069213867,-23.012399673461914,7.086599826812744,0
492,17.52599999999984,-23.012399999999957,8.420702664162263,0
493,17.525999069213867,-23.012399673461914,10.439399719238281,0
494,17.525999069213867,-23.012399673461914,13.792200088500977,0
495,17.52599999999984,-23.012399999999957,15.164481538219434,0
496,17.525999069213867,-23.012399673461914,17.145000457763672,0
497,17.525999069213867,-23.012399673461914,20.497800827026367,0
498,33.98519999999985,-23.0123999999999,21.908260412276604,0
499,33.985198974609375,-23.012399673461914,23.85059928894043,0
500,33.985198974609375,-23.012399673461914,27.203399658203125,0
501,33.985198974609375,-23.012399673461914,3.733799934387207,0
502,33.985198974609375,-23.012399673461914,7.086599826812744,0
503,33.98519999999985,-23.012399999999957,15.164481538219434,0
504,33.985198974609375,-23.012399673461914,17.145000457763672,0
505,33.985198974609375,-23.012399673461914,20.497800827026367,0
506,33.98519999999985,-23.012399999999957,8.420702664162263,0
507,33.985198974609375,-23.012399673461914,10.439399719238281,0
508,33.985198974609375,-23.012399673461914,13.792200088500977,0
509,33.98519999999985,-27.203399999999874,21.908260412276604,0
510,33.985198974609375,-27.203399658203125,23.85059928894043,0
511,33.985198974609375,-27.203399658203125,27.203399658203125,0
512,33.98519999999985,-27.20339999999993,8.420702664162263,0
513,33.985198974609375,-27.203399658203125,10.439399719238281,0
514,33.985198974609375,-27.203399658203125,13.792200088500977,0
515,33.98519999999985,-27.20339999999993,15.164481538219434,0
516,33.985198974609375,-27.203399658203125,17.145000457763672,0
517,33.985198974609375,-27.203399658203125,20.497800827026367,0
518,33.985198974609375,-27.203399658203125,3.733799934387207,0
519,33.985198974609375,-27.203399658203125,7.086599826812744,0
520,27.889199999999846,5.684341886080802e-14,21.908260412276604,0
521,27.88920021057129,6.383556657314207e-15,23.85059928894043,0
522,27.88920021057129,1.7402632408584397e-14,27.203399658203125,0
523,27.889199999999846,-5.684341886080802e-14,0.0,1
524,27.88920021057129,-1.2655455737455457e-14,3.733799934387207,0
525,27.88920021057129,-3.292459756438007e-14,7.086599826812744,0
526,27.889199999999846,0.0,15.164481538219434,0
527,27.88920021057129,-2.0074799434539534e-14,17.145000457763672,0
528,27.88920021057129,-5.944396755700691e-15,20.497800827026367,0
529,27.889199999999846,0.0,8.420702664162263,0
530,27.88920021057129,-2.842170943040401e-14,10.439399719238281,0
531,27.88920021057129,-2.842170943040401e-14,13.792200088500977,0
532,9.753600000000006,-23.0123999999999,21.908260412276604,0
533,9.753600120544434,-23.012399673461914,23.85059928894043,0
534,9.753600120544434,-23.012399673461914,27.203399658203125,0
535,9.753600000000006,-23.012399999999957,8.420702664162263,0
536,9.753600120544434,-23.012399673461914,10.439399719238281,0
537,9.753600120544434,-23.012399673461914,13.792200088500977,0
538,9.753600000000006,-23.012399999999957,15.164481538219434,0
539,9.753600120544434,-23.012399673461914,17.145000457763672,0
540,9.753600120544434,-23.012399673461914,20.497800827026367,0
541,9.753600120544434,-23.012399673461914,3.733799934387207,0
542,9.753600120544434,-23.012399673461914,7.086599826812744,0
543,1.8287999629974365,1.899852210230854e-14,27.203399658203125,0
544,1.8287999629974365,6.383556657314207e-15,23.85059928894043,0
545,26.212799072265625,-27.203399658203125,5.551115123125783e-17,1
546,0.0,0.0,0.0,1
547,1.8287999629974365,1.1368683772161603e-13,30.55620002746582,0
548,7.315199851989746,1.1368683772161603e-13,30.55620002746582,0
549,9.753600120544434,1.1368683772161603e-13,30.55620002746582,0
550,27.88920021057129,1.1368683772161603e-13,30.55620002746582,0
551,36.42359924316406,1.1368683772161603e-13,30.55620002746582,0
552,41.90999984741211,1.1368683772161603e-13,30.55620002746582,0
553,41.90999984741211,-2.1691598892211914,30.55620002746582,0
554,41.90999984741211,-4.228439807891846,30.55620002746582,0
555,36.42359924316406,-6.1975998878479,30.55620002746582,0
556,36.42359924316406,-4.228439807891846,30.55620002746582,0
557,36.42359924316406,-2.1691598892211914,30.55620002746582,0
558,27.88920021057129,-2.1691598892211914,30.55620002746582,0
559,27.88920021057129,-4.228439807891846,30.55620002746582,0
560,27.88920021057129,-6.1975998878479,30.55620002746582,0
561,17.525999069213867,-7.924799919128418,30.55620002746582,0
562,17.525999069213867,-10.344253540039062,30.55620002746582,0
563,17.525999069213867,-12.700115203857422,30.55620002746582,0
564,9.753600120544434,-7.924799919128418,30.55620002746582,0
565,9.753600120544434,-9.144000053405762,30.55620002746582,0
566,9.753600120544434,-10.344253540039062,30.55620002746582,0
567,9.753600120544434,-11.688923835754395,30.55620002746582,0
568,9.753600120544434,-12.700115203857422,30.55620002746582,0
569,9.753600120544434,-14.130844116210938,30.55620002746582,0
570,1.8287999629974365,-6.1975998878479,30.55620002746582,0
571,1.8287999629974365,-4.228439807891846,30.55620002746582,0
572,1.8287999629974365,-2.1691598892211914,30.55620002746582,0
573,7.315199851989746,-6.1975998878479,30.55620002746582,0
574,7.315199851989746,-4.228439807891846,30.55620002746582,0
575,7.315199851989746,-2.1691598892211914,30.55620002746582,0
576,15.849599838256836,-7.924799919128418,30.55620002746582,0
577,9.753600120544434,-6.1975998878479,30.55620002746582,0
578,9.753600120544434,-4.228439807891846,30.55620002746582,0
579,9.753600120544434,-2.1691598892211914,30.55620002746582,0
580,15.849599838256836,1.1368683772161603e-13,30.55620002746582,0
581,15.849599838256836,-2.1691598892211914,30.55620002746582,0
582,15.849599838256836,-4.228439807891846,30.55620002746582,0
583,15.849599838256836,-6.1975998878479,30.55620002746582,0
584,26.212799072265625,-7.924799919128418,30.55620002746582,0
585,9.753600120544434,-14.935199737548828,30.55620002746582,0
586,0.0,-9.144000053405762,30.55620002746582,0
587,7.315199851989746,-9.144000053405762,30.55620002746582,0
588,0.0,-11.688923835754395,30.55620002746582,0
589,0.0,-14.130844116210938,30.55620002746582,0
590,0.0,-16.459199905395508,30.55620002746582,0
591,0.0,-18.747596740722656,30.55620002746582,0
592,0.0,-20.917984008789062,30.55620002746582,0
593,0.0,-23.012399673461914,30.55620002746582,0
594,0.0,-25.107900619506836,30.55620002746582,0
595,9.753600120544434,-23.012399673461914,30.55620002746582,0
596,9.753600120544434,-25.107900619506836,30.55620002746582,0
597,17.525999069213867,-23.012399673461914,30.55620002746582,0
598,17.525999069213867,-25.107900619506836,30.55620002746582,0
599,17.525999069213867,-14.935199737548828,30.55620002746582,0
600,17.525999069213867,-17.72361946105957,30.55620002746582,0
601,17.525999069213867,-20.461647033691406,30.55620002746582,0
602,0.0,-27.203399658203125,30.55620002746582,0
603,2.5823607444763184,-27.203399658203125,30.55620002746582,0
604,5.016953468322754,-27.203399658203125,30.55620002746582,0
605,7.315199851989746,-27.203399658203125,30.55620002746582,0
606,9.753600120544434,-27.203399658203125,30.55620002746582,0
607,12.494023323059082,-27.203399658203125,30.55620002746582,0
608,15.049118995666504,-27.203399658203125,30.55620002746582,0
609,17.525999069213867,-27.203399658203125,30.55620002746582,0
610,20.55723762512207,-27.203399658203125,30.55620002746582,0
611,23.457565307617188,-27.203399658203125,30.55620002746582,0
612,9.753600120544434,-20.917984008789062,30.55620002746582,0
613,9.753600120544434,-20.461647033691406,30.55620002746582,0
614,9.753600120544434,-18.747596740722656,30.55620002746582,0
615,9.753600120544434,-17.72361946105957,30.55620002746582,0
616,9.753600120544434,-16.459199905395508,30.55620002746582,0
617,33.985198974609375,-14.935199737548828,30.55620002746582,0
618,26.212799072265625,-10.344253540039062,30.55620002746582,0
619,26.212799072265625,-12.700115203857422,30.55620002746582,0
620,26.212799072265625,-14.935199737548828,30.55620002746582,0
621,26.212799072265625,-17.72361946105957,30.55620002746582,0
622,26.212799072265625,-20.461647033691406,30.55620002746582,0
623,33.985198974609375,-23.012399673461914,30.55620002746582,0
624,33.985198974609375,-20.461647033691406,30.55620002746582,0
625,33.985198974609375,-17.72361946105957,30.55620002746582,0
626,26.212799072265625,-27.203399658203125,30.55620002746582,0
627,33.985198974609375,-27.203399658203125,30.55620002746582,0
628,41.90999984741211,-27.203399658203125,30.55620002746582,0
629,0.0,-35.12820053100586,30.55620002746582,0
630,2.5823607444763184,-35.12820053100586,30.55620002746582,0
631,5.016953468322754,-35.12820053100586,30.55620002746582,0
632,7.315199851989746,-35.12820053100586,30.55620002746582,0
633,9.753600120544434,-35.12820053100586,30.55620002746582,0
634,12.494023323059082,-35.12820053100586,30.55620002746582,0
635,15.049118995666504,-35.12820053100586,30.55620002746582,0
636,17.525999069213867,-35.12820053100586,30.55620002746582,0
637,20.55723762512207,-35.12820053100586,30.55620002746582,0
638,23.457565307617188,-35.12820053100586,30.55620002746582,0
639,26.212799072265625,-35.12820053100586,30.55620002746582,0
640,28.978139877319336,-35.12820053100586,30.55620002746582,0
641,31.526952743530273,-35.12820053100586,30.55620002746582,0
642,33.985198974609375,-35.12820053100586,30.55620002746582,0
643,36.42359924316406,-35.12820053100586,30.55620002746582,0
644,38.709598541259766,-35.12820053100586,30.55620002746582,0
645,33.985198974609375,-12.700115203857422,30.55620002746582,0
646,33.985198974609375,-12.039600372314453,30.55620002746582,0
647,33.985198974609375,-10.344253540039062,30.55620002746582,0
648,33.985198974609375,-9.144000053405762,30.55620002746582,0
649,33.985198974609375,-7.924799919128418,30.55620002746582,0
650,28.978139877319336,-27.203399658203125,30.55620002746582,0
651,31.526952743530273,-27.203399658203125,30.55620002746582,0
652,36.42359924316406,-27.203399658203125,30.55620002746582,0
653,38.709598541259766,-27.203399658203125,30.55620002746582,0
654,41.90999984741211,-25.223190307617188,30.55620002746582,0
655,41.90999984741211,-23.012399673461914,30.55620002746582,0
656,41.90999984741211,-20.461647033691406,30.55620002746582,0
657,41.90999984741211,-17.72361946105957,30.55620002746582,0
658,41.90999984741211,-14.935199737548828,30.55620002746582,0
659,41.90999984741211,-12.039600372314453,30.55620002746582,0
660,26.212799072265625,-23.012399673461914,30.55620002746582,0
661,33.985198974609375,-25.223190307617188,30.55620002746582,0
662,26.212799072265625,-25.223190307617188,30.55620002746582,0
663,36.42359924316406,-9.144000053405762,30.55620002746582,0
664,36.42359924316406,-7.924799919128418,30.55620002746582,0
665,41.90999984741211,-9.144000053405762,30.55620002746582,0
666,41.90999984741211,-6.1975998878479,30.55620002746582,0
667,1.8287999629974365,-9.144000053405762,30.55620002746582,0
668,7.315199851989746,-7.924799919128418,30.55620002746582,0
669,7.315199851989746,-5.684341886080802e-14,27.203399658203125,0
670,41.90999984741211,-2.1691598892211914,27.203399658203125,0
671,41.90999984741211,-4.228439807891846,27.203399658203125,0
672,36.42359924316406,-4.228439807891846,27.203399658203125,0
673,36.42359924316406,-2.1691598892211914,27.203399658203125,0
674,27.88920021057129,-2.1691598892211914,27.203399658203125,0
675,27.88920021057129,-4.228439807891846,27.203399658203125,0
676,27.88920021057129,-6.1975998878479,27.203399658203125,0
677,17.525999069213867,-10.344253540039062,27.203399658203125,0
678,17.525999069213867,-12.700115203857422,27.203399658203125,0
679,9.753600120544434,-9.144000053405762,27.203399658203125,0
680,9.753600120544434,-10.344253540039062,27.203399658203125,0
681,9.753600120544434,-11.688923835754395,27.203399658203125,0
682,9.753600120544434,-12.700115203857422,27.203399658203125,0
683,9.753600120544434,-14.130844116210938,27.203399658203125,0
684,1.8287999629974365,-4.228439807891846,27.203399658203125,0
685,1.8287999629974365,-2.1691598892211914,27.203399658203125,0
686,7.315199851989746,-4.228439807891846,27.203399658203125,0
687,7.315199851989746,-2.1691598892211914,27.203399658203125,0
688,9.753600120544434,-6.1975998878479,27.203399658203125,0
689,9.753600120544434,-4.228439807891846,27.203399658203125,0
690,9.753600120544434,-2.1691598892211914,27.203399658203125,0
691,15.849599838256836,-2.1691598892211914,27.203399658203125,0
692,15.849599838256836,-4.228439807891846,27.203399658203125,0
693,15.849599838256836,-6.1975998878479,27.203399658203125,0
694,0.0,-9.144000053405762,27.203399658203125,0
695,0.0,-11.688923835754395,27.203399658203125,0
696,0.0,-14.130844116210938,27.203399658203125,0
697,0.0,-18.747596740722656,27.203399658203125,0
698,0.0,-20.917984008789062,27.203399658203125,0
699,0.0,-25.107900619506836,27.203399658203125,0
700,9.753600120544434,-25.107900619506836,27.203399658203125,0
701,17.525999069213867,-25.107900619506836,27.203399658203125,0
702,17.525999069213867,-17.72361946105957,27.203399658203125,0
703,17.525999069213867,-20.461647033691406,27.203399658203125,0
704,2.5823607444763184,-27.203399658203125,27.203399658203125,0
705,5.016953468322754,-27.203399658203125,27.203399658203125,0
706,7.315199851989746,-27.203399658203125,27.203399658203125,0
707,12.494023323059082,-27.203399658203125,27.203399658203125,0
708,15.049118995666504,-27.203399658203125,27.203399658203125,0
709,20.55723762512207,-27.203399658203125,27.203399658203125,0
710,23.457565307617188,-27.203399658203125,27.203399658203125,0
711,9.753600120544434,-20.917984008789062,27.203399658203125,0
712,9.753600120544434,-20.461647033691406,27.203399658203125,0
713,9.753600120544434,-18.747596740722656,27.203399658203125,0
714,9.753600120544434,-17.72361946105957,27.203399658203125,0
715,9.753600120544434,-16.459199905395508,27.203399658203125,0
716,26.212799072265625,-10.344253540039062,27.203399658203125,0
717,26.212799072265625,-12.700115203857422,27.203399658203125,0
718,26.212799072265625,-17.72361946105957,27.203399658203125,0
719,26.212799072265625,-20.461647033691406,27.203399658203125,0
720,33.985198974609375,-20.461647033691406,27.203399658203125,0
721,33.985198974609375,-17.72361946105957,27.203399658203125,0
722,2.5823607444763184,-35.12820053100586,27.203399658203125,0
723,5.016953468322754,-35.12820053100586,27.203399658203125,0
724,7.315199851989746,-35.12820053100586,27.203399658203125,0
725,12.494023323059082,-35.12820053100586,27.203399658203125,0
726,15.049118995666504,-35.12820053100586,27.203399658203125,0
727,20.55723762512207,-35.12820053100586,27.203399658203125,0
728,23.457565307617188,-35.12820053100586,27.203399658203125,0
729,28.978139877319336,-35.12820053100586,27.203399658203125,0
730,31.526952743530273,-35.12820053100586,27.203399658203125,0
731,36.42359924316406,-35.12820053100586,27.203399658203125,0
732,38.709598541259766,-35.12820053100586,27.203399658203125,0
733,33.985198974609375,-12.700115203857422,27.203399658203125,0
734,33.985198974609375,-12.039600372314453,27.203399658203125,0
735,33.985198974609375,-10.344253540039062,27.203399658203125,0
736,33.985198974609375,-7.924799919128418,27.203399658203125,0
737,28.978139877319336,-27.203399658203125,27.203399658203125,0
738,31.526952743530273,-27.203399658203125,27.203399658203125,0
739,36.42359924316406,-27.203399658203125,27.203399658203125,0
740,38.709598541259766,-27.203399658203125,27.203399658203125,0
741,41.90999984741211,-25.223190307617188,27.203399658203125,0
742,41.90999984741211,-20.461647033691406,27.203399658203125,0
743,41.90999984741211,-17.72361946105957,27.203399658203125,0
744,41.90999984741211,-12.039600372314453,27.203399658203125,0
745,33.985198974609375,-25.223190307617188,27.203399658203125,0
746,7.315199851989746,-5.684341886080802e-14,23.85059928894043,0
747,41.90999984741211,-2.1691598892211914,23.85059928894043,0
748,41.90999984741211,-4.228439807891846,23.85059928894043,0
749,36.42359924316406,-4.228439807891846,23.85059928894043,0
750,36.42359924316406,-2.1691598892211914,23.85059928894043,0
751,27.88920021057129,-2.1691598892211914,23.85059928894043,0
752,27.88920021057129,-4.228439807891846,23.85059928894043,0
753,27.88920021057129,-6.1975998878479,23.85059928894043,0
754,17.525999069213867,-10.344253540039062,23.85059928894043,0
755,17.525999069213867,-12.700115203857422,23.85059928894043,0
756,9.753600120544434,-9.144000053405762,23.85059928894043,0
757,9.753600120544434,-10.344253540039062,23.85059928894043,0
758,9.753600120544434,-11.688923835754395,23.85059928894043,0
759,9.753600120544434,-12.700115203857422,23.85059928894043,0
760,9.753600120544434,-14.130844116210938,23.85059928894043,0
761,1.8287999629974365,-4.228439807891846,23.85059928894043,0
762,1.8287999629974365,-2.1691598892211914,23.85059928894043,0
763,7.315199851989746,-4.228439807891846,23.85059928894043,0
764,7.315199851989746,-2.1691598892211914,23.85059928894043,0
765,9.753600120544434,-6.1975998878479,23.85059928894043,0
766,9.753600120544434,-4.228439807891846,23.85059928894043,0
767,9.753600120544434,-2.1691598892211914,23.85059928894043,0
768,15.849599838256836,-2.1691598892211914,23.85059928894043,0
769,15.849599838256836,-4.228439807891846,23.85059928894043,0
770,15.849599838256836,-6.1975998878479,23.85059928894043,0
771,0.0,-9.144000053405762,23.85059928894043,0
772,0.0,-11.688923835754395,23.85059928894043,0
773,0.0,-14.130844116210938,23.85059928894043,0
774,0.0,-18.747596740722656,23.85059928894043,0
775,0.0,-20.917984008789062,23.85059928894043,0
776,0.0,-25.107900619506836,23.85059928894043,0
777,9.753600120544434,-25.107900619506836,23.85059928894043,0
778,17.525999069213867,-25.107900619506836,23.85059928894043,0
779,17.525999069213867,-17.72361946105957,23.85059928894043,0
780,17.525999069213867,-20.461647033691406,23.85059928894043,0
781,2.5823607444763184,-27.203399658203125,23.85059928894043,0
782,5.016953468322754,-27.203399658203125,23.85059928894043,0
783,7.315199851989746,-27.203399658203125,23.85059928894043,0
784,12.494023323059082,-27.203399658203125,23.85059928894043,0
785,15.049118995666504,-27.203399658203125,23.85059928894043,0
786,20.55723762512207,-27.203399658203125,23.85059928894043,0
787,23.457565307617188,-27.203399658203125,23.85059928894043,0
788,9.753600120544434,-20.917984008789062,23.85059928894043,0
789,9.753600120544434,-20.461647033691406,23.85059928894043,0
790,9.753600120544434,-18.747596740722656,23.85059928894043,0
791,9.753600120544434,-17.72361946105957,23.85059928894043,0
792,9.753600120544434,-16.459199905395508,23.85059928894043,0
793,26.212799072265625,-10.344253540039062,23.85059928894043,0
794,26.212799072265625,-12.700115203857422,23.85059928894043,0
795,26.212799072265625,-17.72361946105957,23.85059928894043,0
796,26.212799072265625,-20.461647033691406,23.85059928894043,0
797,33.985198974609375,-20.461647033691406,23.85059928894043,0
798,33.985198974609375,-17.72361946105957,23.85059928894043,0
799,2.5823607444763184,-35.12820053100586,23.85059928894043,0
800,5.016953468322754,-35.12820053100586,23.85059928894043,0
801,7.315199851989746,-35.12820053100586,23.85059928894043,0
802,12.494023323059082,-35.12820053100586,23.85059928894043,0
803,15.049118995666504,-35.12820053100586,23.85059928894043,0
804,20.55723762512207,-35.12820053100586,23.85059928894043,0
805,23.457565307617188,-35.12820053100586,23.85059928894043,0
806,28.978139877319336,-35.12820053100586,23.85059928894043,0
807,31.526952743530273,-35.12820053100586,23.85059928894043,0
808,36.42359924316406,-35.12820053100586,23.85059928894043,0
809,38.709598541259766,-35.12820053100586,23.85059928894043,0
810,33.985198974609375,-12.700115203857422,23.85059928894043,0
811,33.985198974609375,-12.039600372314453,23.85059928894043,0
812,33.985198974609375,-10.344253540039062,23.85059928894043,0
813,33.985198974609375,-7.924799919128418,23.85059928894043,0
814,28.978139877319336,-27.203399658203125,23.85059928894043,0
815,31.526952743530273,-27.203399658203125,23.85059928894043,0
816,36.42359924316406,-27.203399658203125,23.85059928894043,0
817,38.709598541259766,-27.203399658203125,23.85059928894043,0
818,41.90999984741211,-25.223190307617188,23.85059928894043,0
819,41.90999984741211,-20.461647033691406,23.85059928894043,0
820,41.90999984741211,-17.72361946105957,23.85059928894043,0
821,41.90999984741211,-12.039600372314453,23.85059928894043,0
822,33.985198974609375,-25.223190307617188,23.85059928894043,0
823,7.315199851989746,-5.684341886080802e-14,20.497800827026367,0
824,41.90999984741211,-2.1691598892211914,20.497800827026367,0
825,41.90999984741211,-4.228439807891846,20.497800827026367,0
826,36.42359924316406,-4.228439807891846,20.497800827026367,0
827,36.42359924316406,-2.1691598892211914,20.497800827026367,0
828,27.88920021057129,-2.1691598892211914,20.497800827026367,0
829,27.88920021057129,-4.228439807891846,20.497800827026367,0
830,27.88920021057129,-6.1975998878479,20.497800827026367,0
831,17.525999069213867,-10.344253540039062,20.497800827026367,0
832,17.525999069213867,-12.700115203857422,20.497800827026367,0
833,9.753600120544434,-9.144000053405762,20.497800827026367,0
834,9.753600120544434,-10.344253540039062,20.497800827026367,0
835,9.753600120544434,-11.688923835754395,20.497800827026367,0
836,9.753600120544434,-12.700115203857422,20.497800827026367,0
837,9.753600120544434,-14.130844116210938,20.497800827026367,0
838,1.8287999629974365,-4.228439807891846,20.497800827026367,0
839,1.8287999629974365,-2.1691598892211914,20.497800827026367,0
840,7.315199851989746,-4.228439807891846,20.497800827026367,0
841,7.315199851989746,-2.1691598892211914,20.497800827026367,0
842,9.753600120544434,-6.1975998878479,20.497800827026367,0
843,9.753600120544434,-4.228439807891846,20.497800827026367,0
844,9.753600120544434,-2.1691598892211914,20.497800827026367,0
845,15.849599838256836,-2.1691598892211914,20.497800827026367,0
846,15.849599838256836,-4.228439807891846,20.497800827026367,0
847,15.849599838256836,-6.1975998878479,20.497800827026367,0
848,0.0,-9.144000053405762,20.497800827026367,0
849,0.0,-11.688923835754395,20.497800827026367,0
850,0.0,-14.130844116210938,20.497800827026367,0
851,0.0,-18.747596740722656,20.497800827026367,0
852,0.0,-20.917984008789062,20.497800827026367,0
853,0.0,-25.107900619506836,20.497800827026367,0
854,9.753600120544434,-25.107900619506836,20.497800827026367,0
855,17.525999069213867,-25.107900619506836,20.497800827026367,0
856,17.525999069213867,-17.72361946105957,20.497800827026367,0
857,17.525999069213867,-20.461647033691406,20.497800827026367,0
858,2.5823607444763184,-27.203399658203125,20.497800827026367,0
859,5.016953468322754,-27.203399658203125,20.497800827026367,0
860,7.315199851989746,-27.203399658203125,20.497800827026367,0
861,12.494023323059082,-27.203399658203125,20.497800827026367,0
862,15.049118995666504,-27.203399658203125,20.497800827026367,0
863,20.55723762512207,-27.203399658203125,20.497800827026367,0
864,23.457565307617188,-27.203399658203125,20.497800827026367,0
865,9.753600120544434,-20.917984008789062,20.497800827026367,0
866,9.753600120544434,-20.461647033691406,20.497800827026367,0
867,9.753600120544434,-18.747596740722656,20.497800827026367,0
868,9.753600120544434,-17.72361946105957,20.497800827026367,0
869,9.753600120544434,-16.459199905395508,20.497800827026367,0
870,26.212799072265625,-10.344253540039062,20.497800827026367,0
871,26.212799072265625,-12.700115203857422,20.497800827026367,0
872,26.212799072265625,-17.72361946105957,20.497800827026367,0
873,26.212799072265625,-20.461647033691406,20.497800827026367,0
874,33.985198974609375,-20.461647033691406,20.497800827026367,0
875,33.985198974609375,-17.72361946105957,20.497800827026367,0
876,2.5823607444763184,-35.12820053100586,20.497800827026367,0
877,5.016953468322754,-35.12820053100586,20.497800827026367,0
878,7.315199851989746,-35.12820053100586,20.497800827026367,0
879,12.494023323059082,-35.12820053100586,20.497800827026367,0
880,15.049118995666504,-35.12820053100586,20.497800827026367,0
881,20.55723762512207,-35.12820053100586,20.497800827026367,0
882,23.457565307617188,-35.12820053100586,20.497800827026367,0
883,28.978139877319336,-35.12820053100586,20.497800827026367,0
884,31.526952743530273,-35.12820053100586,20.497800827026367,0
885,36.42359924316406,-35.12820053100586,20.497800827026367,0
886,38.709598541259766,-35.12820053100586,20.497800827026367,0
887,33.985198974609375,-12.700115203857422,20.497800827026367,0
888,33.985198974609375,-12.039600372314453,20.497800827026367,0
889,33.985198974609375,-10.344253540039062,20.497800827026367,0
890,33.985198974609375,-7.924799919128418,20.497800827026367,0
891,28.978139877319336,-27.203399658203125,20.497800827026367,0
892,31.526952743530273,-27.203399658203125,20.497800827026367,0
893,36.42359924316406,-27.203399658203125,20.497800827026367,0
894,38.709598541259766,-27.203399658203125,20.497800827026367,0
895,41.90999984741211,-25.223190307617188,20.497800827026367,0
896,41.90999984741211,-20.461647033691406,20.497800827026367,0
897,41.90999984741211,-17.72361946105957,20.497800827026367,0
898,41.90999984741211,-12.039600372314453,20.497800827026367,0
899,33.985198974609375,-25.223190307617188,20.497800827026367,0
900,0.0,-6.197599999999989,3.733799999999974,0
901,0.0,0.0,3.733799999999974,0
902,4.572000026702881,0.0,3.733799934387207,0
903,7.315199851989746,0.0,3.733799934387207,0
904,12.801600456237793,0.0,3.733799934387207,0
905,17.52599999999984,-7.646972875861989e-16,3.733799999999974,0
906,19.604544002767852,1.3978481152683851e-14,3.733799999999974,0
907,21.64080000000007,2.842170943040401e-14,3.733799999999974,0
908,24.152651502756044,1.1908723920419344e-14,3.733799999999974,0
909,26.212800000000016,-1.6347527724030386e-15,3.733799999999974,0
910,30.71975326538086,0.0,3.733799934387207,0
911,33.59468078613281,0.0,3.733799934387207,0
912,39.18110656738281,0.0,3.733799934387207,0
913,43.738800000000005,3.789561257387201e-14,3.733799999999974,0
914,43.738800000000026,-6.19759999999998,3.733799999999974,0
915,39.18110656738281,-6.1975998878479,3.733799934387207,0
916,36.42359924316406,-7.924799919128418,3.733799934387207,0
917,38.709598541259766,-9.144000053405762,3.733799934387207,0
918,41.21491241455078,-9.144000053405762,3.733799934387207,0
919,38.709598541259766,-14.935199737548828,3.733799934387207,0
920,36.42359924316406,-14.935199737548828,3.733799934387207,0
921,33.59468078613281,-7.924799919128418,3.733799934387207,0
922,30.71975326538086,-7.924799919128418,3.733799934387207,0
923,30.175199508666992,-7.924799919128418,3.733799934387207,0
924,28.184268951416016,-7.924799919128418,3.733799934387207,0
925,24.152651502756044,-7.924799999999995,3.733799999999974,0
926,23.32037698344766,-7.924799999999995,3.733799999999974,0
927,21.640800000000127,-7.924800000000005,3.733799999999974,0
928,20.393137496479085,-7.924799999999995,3.733799999999974,0
929,19.604544002767852,-7.924799999999995,3.733799999999974,0
930,15.306641578674316,-7.924799919128418,3.733799934387207,0
931,13.106399536132812,-7.924799919128418,3.733799934387207,0
932,12.801600456237793,-7.924799919128418,3.733799934387207,0
933,10.194879531860352,-7.924799919128418,3.733799934387207,0
934,0.0,-9.144000053405762,3.733799934387207,0
935,4.572000026702881,-9.144000053405762,3.733799934387207,0
936,7.315199851989746,-14.935199737548828,3.733799934387207,0
937,30.175199508666992,-14.935199737548828,3.733799934387207,0
938,33.01885986328125,-14.935199737548828,3.733799934387207,0
939,33.59468078613281,-14.935199737548828,3.733799934387207,0
940,35.84950256347656,-14.935199737548828,3.733799934387207,0
941,28.18913459777832,-14.935199737548828,3.733799934387207,0
942,23.32037698344766,-14.9352,3.733799999999974,0
943,20.393137496479085,-14.9352,3.733799999999974,0
944,15.311420440673828,-14.935199737548828,3.733799934387207,0
945,13.106399536132812,-14.935199737548828,3.733799934387207,0
946,10.194879531860352,-14.935199737548828,3.733799934387207,0
947,4.572000026702881,-16.459199905395508,3.733799934387207,0
948,2.279571533203125,-16.459199905395508,3.733799934387207,0
949,4.572000026702881,-14.935199737548828,3.733799934387207,0
950,41.21955490112305,-23.012399673461914,3.733799934387207,0
951,38.709598541259766,-23.012399673461914,3.733799934387207,0
952,36.42359924316406,-23.012399673461914,3.733799934387207,0
953,35.84950256347656,-23.012399673461914,3.733799934387207,0
954,33.01885986328125,-23.012399673461914,3.733799934387207,0
955,30.175199508666992,-23.012399673461914,3.733799934387207,0
956,28.194000244140625,-23.012399673461914,3.733799934387207,0
957,23.320376983447662,-23.012400000000014,3.733799999999974,0
958,20.393137496479085,-23.012400000000024,3.733799999999974,0
959,15.316200256347656,-23.012399673461914,3.733799934387207,0
960,13.106399536132812,-23.012399673461914,3.733799934387207,0
961,10.194879531860352,-23.012399673461914,3.733799934387207,0
962,7.315199851989746,-23.012399673461914,3.733799934387207,0
963,4.572000026702881,-23.012399673461914,3.733799934387207,0
964,2.2860000133514404,-23.012399673461914,3.733799934387207,0
965,2.2860000133514404,-27.203399658203125,3.733799934387207,0
966,4.572000026702881,-27.203399658203125,3.733799934387207,0
967,7.4128828048706055,-27.203399658203125,3.733799934387207,0
968,10.239950180053711,-27.203399658203125,3.733799934387207,0
969,13.106399536132812,-27.203399658203125,3.733799934387207,0
970,15.936301231384277,-27.203399658203125,3.733799934387207,0
971,18.81069564819336,-27.203399658203125,3.733799934387207,0
972,21.64080047607422,-27.203399658203125,3.733799934387207,0
973,24.444494247436523,-27.203399658203125,3.733799934387207,0
974,27.316356658935547,-27.203399658203125,3.733799934387207,0
975,30.175199508666992,-27.203399658203125,3.733799934387207,0
976,33.00511932373047,-27.203399658203125,3.733799934387207,0
977,35.822021484375,-27.203399658203125,3.733799934387207,0
978,36.42359924316406,-27.203399658203125,3.733799934387207,0
979,38.709598541259766,-27.203399658203125,3.733799934387207,0
980,41.22420120239258,-27.203399658203125,3.733799934387207,0
981,0.0,-33.909000396728516,3.733799934387207,0
982,2.2860000133514404,-33.909000396728516,3.733799934387207,0
983,4.572000026702881,-33.909000396728516,3.733799934387207,0
984,6.994048118591309,-33.909000396728516,3.733799934387207,0
985,7.4128828048706055,-33.909000396728516,3.733799934387207,0
986,9.753600120544434,-33.909000396728516,3.733799934387207,0
987,10.239950180053711,-33.909000396728516,3.733799934387207,0
988,13.106399536132812,-33.909000396728516,3.733799934387207,0
989,15.444746971130371,-33.909000396728516,3.733799934387207,0
990,15.936301231384277,-33.909000396728516,3.733799934387207,0
991,17.525999069213867,-33.909000396728516,3.733799934387207,0
992,18.81069564819336,-33.909000396728516,3.733799934387207,0
993,19.580780029296875,-33.909000396728516,3.733799934387207,0
994,21.64080047607422,-33.909000396728516,3.733799934387207,0
995,23.895444869995117,-33.909000396728516,3.733799934387207,0
996,24.444494247436523,-33.909000396728516,3.733799934387207,0
997,26.212799072265625,-33.909000396728516,3.733799934387207,0
998,27.316356658935547,-33.909000396728516,3.733799934387207,0
999,28.251333236694336,-33.909000396728516,3.733799934387207,0
1000,30.175199508666992,-33.909000396728516,3.733799934387207,0
1001,32.20873260498047,-33.909000396728516,3.733799934387207,0
1002,33.00511932373047,-33.909000396728516,3.733799934387207,0
1003,33.985198974609375,-33.909000396728516,3.733799934387207,0
1004,35.822021484375,-33.909000396728516,3.733799934387207,0
1005,36.42359924316406,-33.909000396728516,3.733799934387207,0
1006,38.709598541259766,-33.909000396728516,3.733799934387207,0
1007,41.22420120239258,-33.909000396728516,3.733799934387207,0
1008,43.738800048828125,-33.909000396728516,3.733799934387207,0
1009,2.2860000133514404,-38.48099899291992,3.733799934387207,0
1010,4.572000026702881,-38.48099899291992,3.733799934387207,0
1011,6.994048118591309,-38.48099899291992,3.733799934387207,0
1012,13.106399536132812,-38.48099899291992,3.733799934387207,0
1013,15.444746971130371,-38.48099899291992,3.733799934387207,0
1014,19.580780029296875,-38.48099899291992,3.733799934387207,0
1015,21.64080047607422,-38.48099899291992,3.733799934387207,0
1016,23.895444869995117,-38.48099899291992,3.733799934387207,0
1017,28.251333236694336,-38.48099899291992,3.733799934387207,0
1018,30.175199508666992,-38.48099899291992,3.733799934387207,0
1019,32.20873260498047,-38.48099899291992,3.733799934387207,0
1020,2.2731430530548096,-9.144000053405762,3.733799934387207,0
1021,7.315199851989746,-7.924799919128418,3.733799934387207,0
1022,7.315199851989746,-5.684341886080802e-14,7.086599826812744,0
1023,41.90999984741211,-2.1691598892211914,7.086599826812744,0
1024,41.90999984741211,-4.228439807891846,7.086599826812744,0
1025,36.42359924316406,-4.228439807891846,7.086599826812744,0
1026,36.42359924316406,-2.1691598892211914,7.086599826812744,0
1027,27.88920021057129,-2.1691598892211914,7.086599826812744,0
1028,27.88920021057129,-4.228439807891846,7.086599826812744,0
1029,27.88920021057129,-6.1975998878479,7.086599826812744,0
1030,17.525999069213867,-10.344253540039062,7.086599826812744,0
1031,17.525999069213867,-12.700115203857422,7.086599826812744,0
1032,9.753600120544434,-9.144000053405762,7.086599826812744,0
1033,9.753600120544434,-10.344253540039062,7.086599826812744,0
1034,9.753600120544434,-11.688923835754395,7.086599826812744,0
1035,9.753600120544434,-12.700115203857422,7.086599826812744,0
1036,9.753600120544434,-14.130844116210938,7.086599826812744,0
1037,1.8287999629974365,-4.228439807891846,7.086599826812744,0
1038,1.8287999629974365,-2.1691598892211914,7.086599826812744,0
1039,7.315199851989746,-4.228439807891846,7.086599826812744,0
1040,7.315199851989746,-2.1691598892211914,7.086599826812744,0
1041,9.753600120544434,-6.1975998878479,7.086599826812744,0
1042,9.753600120544434,-4.228439807891846,7.086599826812744,0
1043,9.753600120544434,-2.1691598892211914,7.086599826812744,0
1044,15.849599838256836,-2.1691598892211914,7.086599826812744,0
1045,15.849599838256836,-4.228439807891846,7.086599826812744,0
1046,15.849599838256836,-6.1975998878479,7.086599826812744,0
1047,0.0,-9.144000053405762,7.086599826812744,0
1048,0.0,-11.688923835754395,7.086599826812744,0
1049,0.0,-14.130844116210938,7.086599826812744,0
1050,0.0,-18.747596740722656,7.086599826812744,0
1051,0.0,-20.917984008789062,7.086599826812744,0
1052,0.0,-25.107900619506836,7.086599826812744,0
1053,9.753600120544434,-25.107900619506836,7.086599826812744,0
1054,17.525999069213867,-25.107900619506836,7.086599826812744,0
1055,17.525999069213867,-17.72361946105957,7.086599826812744,0
1056,17.525999069213867,-20.461647033691406,7.086599826812744,0
1057,2.5823607444763184,-27.203399658203125,7.086599826812744,0
1058,5.016953468322754,-27.203399658203125,7.086599826812744,0
1059,7.315199851989746,-27.203399658203125,7.086599826812744,0
1060,12.494023323059082,-27.203399658203125,7.086599826812744,0
1061,15.049118995666504,-27.203399658203125,7.086599826812744,0
1062,20.55723762512207,-27.203399658203125,7.086599826812744,0
1063,23.457565307617188,-27.203399658203125,7.086599826812744,0
1064,9.753600120544434,-20.917984008789062,7.086599826812744,0
1065,9.753600120544434,-20.461647033691406,7.086599826812744,0
1066,9.753600120544434,-18.747596740722656,7.086599826812744,0
1067,9.753600120544434,-17.72361946105957,7.086599826812744,0
1068,9.753600120544434,-16.459199905395508,7.086599826812744,0
1069,26.212799072265625,-10.344253540039062,7.086599826812744,0
1070,26.212799072265625,-12.700115203857422,7.086599826812744,0
1071,26.212799072265625,-17.72361946105957,7.086599826812744,0
1072,26.212799072265625,-20.461647033691406,7.086599826812744,0
1073,33.985198974609375,-20.461647033691406,7.086599826812744,0
1074,33.985198974609375,-17.72361946105957,7.086599826812744,0
1075,33.985198974609375,-14.098685264587402,7.086599826812744,0
1076,33.985198974609375,-12.700115203857422,7.086599826812744,0
1077,33.985198974609375,-11.627782821655273,7.086599826812744,0
1078,33.985198974609375,-10.344253540039062,7.086599826812744,0
1079,33.985198974609375,-9.144000053405762,7.086599826812744,0
1080,33.985198974609375,-7.924799919128418,7.086599826812744,0
1081,28.978139877319336,-27.203399658203125,7.086599826812744,0
1082,31.526952743530273,-27.203399658203125,7.086599826812744,0
1083,33.985198974609375,-25.223190307617188,7.086599826812744,0
1084,36.42359924316406,-27.203399658203125,7.086599826812744,0
1085,38.709598541259766,-27.203399658203125,7.086599826812744,0
1086,41.30812454223633,-27.203399658203125,7.086599826812744,0
1087,43.738800048828125,-25.223190307617188,7.086599826812744,0
1088,43.738800048828125,-20.461647033691406,7.086599826812744,0
1089,43.738800048828125,-17.72361946105957,7.086599826812744,0
1090,43.738800048828125,-14.935199737548828,7.086599826812744,0
1091,43.738800048828125,-14.098685264587402,7.086599826812744,0
1092,43.738800048828125,-11.627782821655273,7.086599826812744,0
1093,9.753600120544434,-33.909000396728516,7.086599826812744,0
1094,17.525999069213867,-33.909000396728516,7.086599826812744,0
1095,26.212799072265625,-33.909000396728516,7.086599826812744,0
1096,33.985198974609375,-33.909000396728516,7.086599826812744,0
1097,2.5823607444763184,-38.48099899291992,7.086599826812744,0
1098,5.016953468322754,-38.48099899291992,7.086599826812744,0
1099,7.315199851989746,-38.48099899291992,7.086599826812744,0
1100,12.494023323059082,-38.48099899291992,7.086599826812744,0
1101,15.049118995666504,-38.48099899291992,7.086599826812744,0
1102,20.55723762512207,-38.48099899291992,7.086599826812744,0
1103,23.457565307617188,-38.48099899291992,7.086599826812744,0
1104,28.978139877319336,-38.48099899291992,7.086599826812744,0
1105,31.526952743530273,-38.48099899291992,7.086599826812744,0
1106,36.42359924316406,-38.48099899291992,7.086599826812744,0
1107,38.709598541259766,-38.48099899291992,7.086599826812744,0
1108,41.30812454223633,-38.48099899291992,7.086599826812744,0
1109,36.42359924316406,-7.924799919128418,7.086599826812744,0
1110,38.709598541259766,-35.12820053100586,7.086599826812744,0
1111,41.30812454223633,-35.12820053100586,7.086599826812744,0
1112,7.315199851989746,-5.684341886080802e-14,10.439399719238281,0
1113,41.90999984741211,-2.1691598892211914,10.439399719238281,0
1114,41.90999984741211,-4.228439807891846,10.439399719238281,0
1115,36.42359924316406,-4.228439807891846,10.439399719238281,0
1116,36.42359924316406,-2.1691598892211914,10.439399719238281,0
1117,27.88920021057129,-2.1691598892211914,10.439399719238281,0
1118,27.88920021057129,-4.228439807891846,10.439399719238281,0
1119,27.88920021057129,-6.1975998878479,10.439399719238281,0
1120,17.525999069213867,-10.344253540039062,10.439399719238281,0
1121,17.525999069213867,-12.700115203857422,10.439399719238281,0
1122,9.753600120544434,-9.144000053405762,10.439399719238281,0
1123,9.753600120544434,-10.344253540039062,10.439399719238281,0
1124,9.753600120544434,-11.688923835754395,10.439399719238281,0
1125,9.753600120544434,-12.700115203857422,10.439399719238281,0
1126,9.753600120544434,-14.130844116210938,10.439399719238281,0
1127,1.8287999629974365,-4.228439807891846,10.439399719238281,0
1128,1.8287999629974365,-2.1691598892211914,10.439399719238281,0
1129,7.315199851989746,-4.228439807891846,10.439399719238281,0
1130,7.315199851989746,-2.1691598892211914,10.439399719238281,0
1131,9.753600120544434,-6.1975998878479,10.439399719238281,0
1132,9.753600120544434,-4.228439807891846,10.439399719238281,0
1133,9.753600120544434,-2.1691598892211914,10.439399719238281,0
1134,15.849599838256836,-2.1691598892211914,10.439399719238281,0
1135,15.849599838256836,-4.228439807891846,10.439399719238281,0
1136,15.849599838256836,-6.1975998878479,10.439399719238281,0
1137,0.0,-9.144000053405762,10.439399719238281,0
1138,0.0,-11.688923835754395,10.439399719238281,0
1139,0.0,-14.130844116210938,10.439399719238281,0
1140,0.0,-18.747596740722656,10.439399719238281,0
1141,0.0,-20.917984008789062,10.439399719238281,0
1142,0.0,-25.107900619506836,10.439399719238281,0
1143,9.753600120544434,-25.107900619506836,10.439399719238281,0
1144,17.525999069213867,-25.107900619506836,10.439399719238281,0
1145,17.525999069213867,-17.72361946105957,10.439399719238281,0
1146,17.525999069213867,-20.461647033691406,10.439399719238281,0
1147,2.5823607444763184,-27.203399658203125,10.439399719238281,0
1148,5.016953468322754,-27.203399658203125,10.439399719238281,0
1149,7.315199851989746,-27.203399658203125,10.439399719238281,0
1150,12.494023323059082,-27.203399658203125,10.439399719238281,0
1151,15.049118995666504,-27.203399658203125,10.439399719238281,0
1152,20.55723762512207,-27.203399658203125,10.439399719238281,0
1153,23.457565307617188,-27.203399658203125,10.439399719238281,0
1154,9.753600120544434,-20.917984008789062,10.439399719238281,0
1155,9.753600120544434,-20.461647033691406,10.439399719238281,0
1156,9.753600120544434,-18.747596740722656,10.439399719238281,0
1157,9.753600120544434,-17.72361946105957,10.439399719238281,0
1158,9.753600120544434,-16.459199905395508,10.439399719238281,0
1159,26.212799072265625,-10.344253540039062,10.439399719238281,0
1160,26.212799072265625,-12.700115203857422,10.439399719238281,0
1161,26.212799072265625,-17.72361946105957,10.439399719238281,0
1162,26.212799072265625,-20.461647033691406,10.439399719238281,0
1163,33.985198974609375,-20.461647033691406,10.439399719238281,0
1164,33.985198974609375,-17.72361946105957,10.439399719238281,0
1165,33.985198974609375,-14.098685264587402,10.439399719238281,0
1166,33.985198974609375,-12.700115203857422,10.439399719238281,0
1167,33.985198974609375,-11.627782821655273,10.439399719238281,0
1168,33.985198974609375,-10.344253540039062,10.439399719238281,0
1169,33.985198974609375,-9.144000053405762,10.439399719238281,0
1170,33.985198974609375,-7.924799919128418,10.439399719238281,0
1171,28.978139877319336,-27.203399658203125,10.439399719238281,0
1172,31.526952743530273,-27.203399658203125,10.439399719238281,0
1173,33.985198974609375,-25.223190307617188,10.439399719238281,0
1174,36.42359924316406,-27.203399658203125,10.439399719238281,0
1175,38.709598541259766,-27.203399658203125,10.439399719238281,0
1176,41.30812454223633,-27.203399658203125,10.439399719238281,0
1177,43.738800048828125,-25.223190307617188,10.439399719238281,0
1178,43.738800048828125,-20.461647033691406,10.439399719238281,0
1179,43.738800048828125,-17.72361946105957,10.439399719238281,0
1180,43.738800048828125,-14.935199737548828,10.439399719238281,0
1181,43.738800048828125,-14.098685264587402,10.439399719238281,0
1182,43.738800048828125,-11.627782821655273,10.439399719238281,0
1183,9.753600120544434,-33.909000396728516,10.439399719238281,0
1184,17.525999069213867,-33.909000396728516,10.439399719238281,0
1185,26.212799072265625,-33.909000396728516,10.439399719238281,0
1186,33.985198974609375,-33.909000396728516,10.439399719238281,0
1187,2.5823607444763184,-38.48099899291992,10.439399719238281,0
1188,5.016953468322754,-38.48099899291992,10.439399719238281,0
1189,7.315199851989746,-38.48099899291992,10.439399719238281,0
1190,12.494023323059082,-38.48099899291992,10.439399719238281,0
1191,15.049118995666504,-38.48099899291992,10.439399719238281,0
1192,20.55723762512207,-38.48099899291992,10.439399719238281,0
1193,23.457565307617188,-38.48099899291992,10.439399719238281,0
1194,28.978139877319336,-38.48099899291992,10.439399719238281,0
1195,31.526952743530273,-38.48099899291992,10.439399719238281,0
1196,36.42359924316406,-38.48099899291992,10.439399719238281,0
1197,38.709598541259766,-38.48099899291992,10.439399719238281,0
1198,41.30812454223633,-38.48099899291992,10.439399719238281,0
1199,36.42359924316406,-7.924799919128418,10.439399719238281,0
1200,38.709598541259766,-35.12820053100586,10.439399719238281,0
1201,41.30812454223633,-35.12820053100586,10.439399719238281,0
1202,7.315199851989746,-5.684341886080802e-14,13.792200088500977,0
1203,41.90999984741211,-2.1691598892211914,13.792200088500977,0
1204,41.90999984741211,-4.228439807891846,13.792200088500977,0
1205,36.42359924316406,-4.228439807891846,13.792200088500977,0
1206,36.42359924316406,-2.1691598892211914,13.792200088500977,0
1207,27.88920021057129,-2.1691598892211914,13.792200088500977,0
1208,27.88920021057129,-4.228439807891846,13.792200088500977,0
1209,27.88920021057129,-6.1975998878479,13.792200088500977,0
1210,17.525999069213867,-10.344253540039062,13.792200088500977,0
1211,17.525999069213867,-12.700115203857422,13.792200088500977,0
1212,9.753600120544434,-9.144000053405762,13.792200088500977,0
1213,9.753600120544434,-10.344253540039062,13.792200088500977,0
1214,9.753600120544434,-11.688923835754395,13.792200088500977,0
1215,9.753600120544434,-12.700115203857422,13.792200088500977,0
1216,9.753600120544434,-14.130844116210938,13.792200088500977,0
1217,1.8287999629974365,-4.228439807891846,13.792200088500977,0
1218,1.8287999629974365,-2.1691598892211914,13.792200088500977,0
1219,7.315199851989746,-4.228439807891846,13.792200088500977,0
1220,7.315199851989746,-2.1691598892211914,13.792200088500977,0
1221,9.753600120544434,-6.1975998878479,13.792200088500977,0
1222,9.753600120544434,-4.228439807891846,13.792200088500977,0
1223,9.753600120544434,-2.1691598892211914,13.792200088500977,0
1224,15.849599838256836,-2.1691598892211914,13.792200088500977,0
1225,15.849599838256836,-4.228439807891846,13.792200088500977,0
1226,15.849599838256836,-6.1975998878479,13.792200088500977,0
1227,0.0,-9.144000053405762,13.792200088500977,0
1228,0.0,-11.688923835754395,13.792200088500977,0
1229,0.0,-14.130844116210938,13.792200088500977,0
1230,0.0,-18.747596740722656,13.792200088500977,0
1231,0.0,-20.917984008789062,13.792200088500977,0
1232,0.0,-25.107900619506836,13.792200088500977,0
1233,9.753600120544434,-25.107900619506836,13.792200088500977,0
1234,17.525999069213867,-25.107900619506836,13.792200088500977,0
1235,17.525999069213867,-17.72361946105957,13.792200088500977,0
1236,17.525999069213867,-20.461647033691406,13.792200088500977,0
1237,2.5823607444763184,-27.203399658203125,13.792200088500977,0
1238,5.016953468322754,-27.203399658203125,13.792200088500977,0
1239,7.315199851989746,-27.203399658203125,13.792200088500977,0
1240,12.494023323059082,-27.203399658203125,13.792200088500977,0
1241,15.049118995666504,-27.203399658203125,13.792200088500977,0
1242,20.55723762512207,-27.203399658203125,13.792200088500977,0
1243,23.457565307617188,-27.203399658203125,13.792200088500977,0
1244,9.753600120544434,-20.917984008789062,13.792200088500977,0
1245,9.753600120544434,-20.461647033691406,13.792200088500977,0
1246,9.753600120544434,-18.747596740722656,13.792200088500977,0
1247,9.753600120544434,-17.72361946105957,13.792200088500977,0
1248,9.753600120544434,-16.459199905395508,13.792200088500977,0
1249,26.212799072265625,-10.344253540039062,13.792200088500977,0
1250,26.212799072265625,-12.700115203857422,13.792200088500977,0
1251,26.212799072265625,-17.72361946105957,13.792200088500977,0
1252,26.212799072265625,-20.461647033691406,13.792200088500977,0
1253,33.985198974609375,-20.461647033691406,13.792200088500977,0
1254,33.985198974609375,-17.72361946105957,13.792200088500977,0
1255,33.985198974609375,-14.098685264587402,13.792200088500977,0
1256,33.985198974609375,-12.700115203857422,13.792200088500977,0
1257,33.985198974609375,-11.627782821655273,13.792200088500977,0
1258,33.985198974609375,-10.344253540039062,13.792200088500977,0
1259,33.985198974609375,-9.144000053405762,13.792200088500977,0
1260,33.985198974609375,-7.924799919128418,13.792200088500977,0
1261,28.978139877319336,-27.203399658203125,13.792200088500977,0
1262,31.526952743530273,-27.203399658203125,13.792200088500977,0
1263,33.985198974609375,-25.223190307617188,13.792200088500977,0
1264,36.42359924316406,-27.203399658203125,13.792200088500977,0
1265,38.709598541259766,-27.203399658203125,13.792200088500977,0
1266,41.30812454223633,-27.203399658203125,13.792200088500977,0
1267,43.738800048828125,-25.223190307617188,13.792200088500977,0
1268,43.738800048828125,-20.461647033691406,13.792200088500977,0
1269,43.738800048828125,-17.72361946105957,13.792200088500977,0
1270,43.738800048828125,-14.935199737548828,13.792200088500977,0
1271,43.738800048828125,-14.098685264587402,13.792200088500977,0
1272,43.738800048828125,-11.627782821655273,13.792200088500977,0
1273,9.753600120544434,-33.909000396728516,13.792200088500977,0
1274,17.525999069213867,-33.909000396728516,13.792200088500977,0
1275,26.212799072265625,-33.909000396728516,13.792200088500977,0
1276,33.985198974609375,-33.909000396728516,13.792200088500977,0
1277,2.5823607444763184,-38.48099899291992,13.792200088500977,0
1278,5.016953468322754,-38.48099899291992,13.792200088500977,0
1279,7.315199851989746,-38.48099899291992,13.792200088500977,0
1280,12.494023323059082,-38.48099899291992,13.792200088500977,0
1281,15.049118995666504,-38.48099899291992,13.792200088500977,0
1282,20.55723762512207,-38.48099899291992,13.792200088500977,0
1283,23.457565307617188,-38.48099899291992,13.792200088500977,0
1284,28.978139877319336,-38.48099899291992,13.792200088500977,0
1285,31.526952743530273,-38.48099899291992,13.792200088500977,0
1286,36.42359924316406,-38.48099899291992,13.792200088500977,0
1287,38.709598541259766,-38.48099899291992,13.792200088500977,0
1288,41.30812454223633,-38.48099899291992,13.792200088500977,0
1289,36.42359924316406,-7.924799919128418,13.792200088500977,0
1290,38.709598541259766,-35.12820053100586,13.792200088500977,0
1291,41.30812454223633,-35.12820053100586,13.792200088500977,0
1292,7.315199851989746,-5.684341886080802e-14,17.145000457763672,0
1293,41.90999984741211,-2.1691598892211914,17.145000457763672,0
1294,41.90999984741211,-4.228439807891846,17.145000457763672,0
1295,36.42359924316406,-4.228439807891846,17.145000457763672,0
1296,36.42359924316406,-2.1691598892211914,17.145000457763672,0
1297,27.88920021057129,-2.1691598892211914,17.145000457763672,0
1298,27.88920021057129,-4.228439807891846,17.145000457763672,0
1299,27.88920021057129,-6.1975998878479,17.145000457763672,0
1300,17.525999069213867,-10.344253540039062,17.145000457763672,0
1301,17.525999069213867,-12.700115203857422,17.145000457763672,0
1302,9.753600120544434,-9.144000053405762,17.145000457763672,0
1303,9.753600120544434,-10.344253540039062,17.145000457763672,0
1304,9.753600120544434,-11.688923835754395,17.145000457763672,0
1305,9.753600120544434,-12.700115203857422,17.145000457763672,0
1306,9.753600120544434,-14.130844116210938,17.145000457763672,0
1307,1.8287999629974365,-4.228439807891846,17.145000457763672,0
1308,1.8287999629974365,-2.1691598892211914,17.145000457763672,0
1309,7.315199851989746,-4.228439807891846,17.145000457763672,0
1310,7.315199851989746,-2.1691598892211914,17.145000457763672,0
1311,9.753600120544434,-6.1975998878479,17.145000457763672,0
1312,9.753600120544434,-4.228439807891846,17.145000457763672,0
1313,9.753600120544434,-2.1691598892211914,17.145000457763672,0
1314,15.849599838256836,-2.1691598892211914,17.145000457763672,0
1315,15.849599838256836,-4.228439807891846,17.145000457763672,0
1316,15.849599838256836,-6.1975998878479,17.145000457763672,0
1317,-2.2737367544323206e-13,-9.144000053405762,17.145000457763672,0
1318,-2.2737367544323206e-13,-11.688923835754395,17.145000457763672,0
1319,-2.2737367544323206e-13,-14.130844116210938,17.145000457763672,0
1320,-2.2737367544323206e-13,-18.747596740722656,17.145000457763672,0
1321,-2.2737367544323206e-13,-20.917984008789062,17.145000457763672,0
1322,-2.2737367544323206e-13,-25.107900619506836,17.145000457763672,0
1323,9.753600120544434,-25.107900619506836,17.145000457763672,0
1324,17.525999069213867,-25.107900619506836,17.145000457763672,0
1325,17.525999069213867,-17.72361946105957,17.145000457763672,0
1326,17.525999069213867,-20.461647033691406,17.145000457763672,0
1327,2.5823607444763184,-27.203399658203125,17.145000457763672,0
1328,5.016953468322754,-27.203399658203125,17.145000457763672,0
1329,7.315199851989746,-27.203399658203125,17.145000457763672,0
1330,12.494023323059082,-27.203399658203125,17.145000457763672,0
1331,15.049118995666504,-27.203399658203125,17.145000457763672,0
1332,20.55723762512207,-27.203399658203125,17.145000457763672,0
1333,23.457565307617188,-27.203399658203125,17.145000457763672,0
1334,9.753600120544434,-20.917984008789062,17.145000457763672,0
1335,9.753600120544434,-20.461647033691406,17.145000457763672,0
1336,9.753600120544434,-18.747596740722656,17.145000457763672,0
1337,9.753600120544434,-17.72361946105957,17.145000457763672,0
1338,9.753600120544434,-16.459199905395508,17.145000457763672,0
1339,26.212799072265625,-10.344253540039062,17.145000457763672,0
1340,26.212799072265625,-12.700115203857422,17.145000457763672,0
1341,26.212799072265625,-17.72361946105957,17.145000457763672,0
1342,26.212799072265625,-20.461647033691406,17.145000457763672,0
1343,33.985198974609375,-20.8810977935791,17.145000457763672,0
1344,33.985198974609375,-20.461647033691406,17.145000457763672,0
1345,33.985198974609375,-18.714454650878906,17.145000457763672,0
1346,33.985198974609375,-17.72361946105957,17.145000457763672,0
1347,33.985198974609375,-16.459199905395508,17.145000457763672,0
1348,33.985198974609375,-14.098685264587402,17.145000457763672,0
1349,33.985198974609375,-12.700115203857422,17.145000457763672,0
1350,33.985198974609375,-11.627782821655273,17.145000457763672,0
1351,33.985198974609375,-10.344253540039062,17.145000457763672,0
1352,33.985198974609375,-9.144000053405762,17.145000457763672,0
1353,33.985198974609375,-7.924799919128418,17.145000457763672,0
1354,28.978139877319336,-27.203399658203125,17.145000457763672,0
1355,31.526952743530273,-27.203399658203125,17.145000457763672,0
1356,33.985198974609375,-25.223190307617188,17.145000457763672,0
1357,36.42359924316406,-27.203399658203125,17.145000457763672,0
1358,38.709598541259766,-27.203399658203125,17.145000457763672,0
1359,41.30812454223633,-27.203399658203125,17.145000457763672,0
1360,43.738800048828125,-27.203399658203125,17.145000457763672,0
1361,43.738800048828125,-25.223190307617188,17.145000457763672,0
1362,-1.515824548129971e-13,-38.48099899291992,17.145000457763672,0
1363,2.5823607444763184,-38.48099899291992,17.145000457763672,0
1364,5.016953468322754,-38.48099899291992,17.145000457763672,0
1365,7.315199851989746,-38.48099899291992,17.145000457763672,0
1366,9.753600120544434,-38.48099899291992,17.145000457763672,0
1367,12.494023323059082,-38.48099899291992,17.145000457763672,0
1368,15.049118995666504,-38.48099899291992,17.145000457763672,0
1369,17.525999069213867,-38.48099899291992,17.145000457763672,0
1370,20.55723762512207,-38.48099899291992,17.145000457763672,0
1371,23.457565307617188,-38.48099899291992,17.145000457763672,0
1372,26.212799072265625,-38.48099899291992,17.145000457763672,0
1373,28.978139877319336,-38.48099899291992,17.145000457763672,0
1374,31.526952743530273,-38.48099899291992,17.145000457763672,0
1375,33.985198974609375,-38.48099899291992,17.145000457763672,0
1376,36.42359924316406,-38.48099899291992,17.145000457763672,0
1377,38.709598541259766,-38.48099899291992,17.145000457763672,0
1378,41.30812454223633,-38.48099899291992,17.145000457763672,0
1379,43.738800048828125,-9.144000053405762,17.145000457763672,0
1380,36.42359924316406,-7.924799919128418,17.145000457763672,0
1381,36.42359924316406,-35.12820053100586,17.145000457763672,0
1382,38.709598541259766,-35.12820053100586,17.145000457763672,0
1383,41.30812454223633,-35.12820053100586,17.145000457763672,0
1384,43.738800048828125,-35.12820053100586,17.145000457763672,0
1385,43.738800048828125,-23.012399673461914,17.145000457763672,0
1386,43.738800048828125,-20.8810977935791,17.145000457763672,0
1387,43.738800048828125,-18.714454650878906,17.145000457763672,0
1388,43.738800048828125,-16.459199905395508,17.145000457763672,0
1389,43.738800048828125,-14.098685264587402,17.145000457763672,0
1390,43.738800048828125,-11.627782821655273,17.145000457763672,0
1391,4.572000026702881,-6.1975998878479,3.733799934387207,0
1392,36.42359924316406,-38.48099899291992,3.733799934387207,0
1393,38.709598541259766,-38.48099899291992,3.733799934387207,0
1394,41.22420120239258,-38.48099899291992,3.733799934387207,0
1395,41.21491241455078,-16.459199905395508,3.733799934387207,0
1396,43.738800048828125,-38.48099899291992,17.145000457763672,0
1397,27.88920021057129,-7.924799919128418,30.55620002746582,0
1398,41.90999984741211,-35.12820053100586,30.55620002746582,0
